CaseNumber,activity_cat
2016.03.10,dive
2016.03.03.R,fish
2016.03.02,swim
2016.02.22,windboard
2016.02.19,spearfish
2016.02.12,wade
2016.02.10.R,feed
2016.02.10,surf
2016.02.05,walk
2016.02.04,windboard
2016.01.29,fish
2016.01.28,surf
2016.01.25,surf
2016.01.24.b,spearfish
2016.01.24.a,fish
2016.01.23,paddleboard
2016.01.05,wade
2016.01.02,spearfish
2015.12.26,fish
2015.12.25,swim
2015.12.22,paddleboard
2015.12.21.b,surf
2015.12.21.a,scubadiv
2015.12.19,NA
2015.12.13,fish
2015.12.11,fish
2015.12.08,NA
2015.11.20,snorkel
2015.11.16,surf
2015.11.15.b,swim
2015.11.15.a,surf
2015.11.10,surf
2015.12.23,surf
2015.11.03,swim
2015.11.01.b,wade
2015.11.01.a,fish
2015.10.30,spearfish
2015.10.28.a,boogieboard
2015.10.25,surf
2015.10.21,surf
2015.10.19,surf
2015.10.17.c,fish
2015.10.17.b,surf
2015.10.17.a,swim
2015.10.13,fish
2015.10.09.b,boogieboard
2015.10.09.a,surf
2015.10.08,fish
2015.10.07,surf
2015.10.05.b,boogieboard
2015.10.05.a,wade
2015.10.04,surf
2015.09.29,surf
2015.09.26,snorkel
2015.09.24,fish
2015.09.20.d,surf
2015.09.20.c,spearfish
2015.09.20.b,wade
2015.09.20.a,NA
2015.09.18,swim
2015.09.17,surf
2015.09.08,surf
2015.09.06,stand
2015.09.05,fish
2015.09.04,kayak
2015.09.01,wade
2015.09.00,spearfish
2015.08.29.b,surf
2015.08.29.a,surf
2015.08.22.a,surf
2015.08.20,surf
2015.08.19,walk
2015.08.18.b,fish
2015.08.18.a,swim
2015.08.10,spearfish
2015.07.31,surf
2015.07.26.b,surf
2015.07.26.a,float
2015.07.25,dive
2015.07.23.b,fish
2015.07.23.a,surf
2015.07.22,surf
2015.07.19,surf
2015.07-10,surf
2015.07.08,tread
2015.07.06,swim
2015.07.04.b,spearfish
2015.07.03,surf
2015.07.02,boogieboard
2015.07.01,swim
2015.06.30.b,surf
2015.06.30.a,play
2015.06.27.b,swim
2015.06.27.a,boogieboard
2015.06.26.c,swim
2015.06.26.b,surf
2015.06.26.a,stand
2015.06.25.R,swim
2015.06.25,bodysurf
2015.06.24.b,swim
2015.06.24.a,surf
2015.06.23,stand
2015.06.19,spearfish
2015.06.17,swim
2015.06.14.b,wade
2015.06.14.a,wade
2015.06.11,boogieboard
2015.06.07,play
2015.06.05,rescu
2015.06.01,surf
2015.05.29.b,stand
2015.05.29.a,wade
2015.05.25,spearfish
2015.05.20,surf
2015.05.24,swim
2015.05.09,snorkel
2015.05.07,swim
2015.05.03,surf
2015.05.02,dive
2015.04.29,snorkel
2015.04.26,wade
2015.04.25,surf
2015.04.24.c,kayak
2015.04.13,NA
2015.04.12,surf
2015.04.11,paddleboard
2015.04.03,spearfish
2015.03.31,surf
2015.03.29,dive
2015.03.26,fish
2015.03.21,swim
2015.03.18,stand
2015.03.16,feed
2015.03.11,fish
2015.03.10,fish
2015.03.07,sit
2015.02.15,row
2015.02.14,swim
2015.02.09,surf
2015.02.08,surf
2015.02.05,bodysurf
2015.01.30,row
2015.01.27,fish
2015.01.24,surf
2015.01.19.b,fish
2015.01.19.a,surf
2015.01.17,fish
2015.01.16,film
2015.01.08,NA
2015.01.06,snorkel
2015.01.03,surf
2014.12.29.a,spearfish
2014.12.29.b,surf
2014.12.28.d,NA
2014.12.28.c,swim
2014.12.28.b,surf
2014.12.28.a,fish
2014.12.23.R,dive
2014.12.15,spearfish
2014.12.03.R,fish
2014.11.29,surf
2014.11.20,fish
2014.11.19,fish
2014.11.16,surf
2014.11.10,surf
2014.11.13,snorkel
2014.11.08,surf
2014.10.31,surf
2014.10.30,surf
2014.10.22,stand
2014.10.20,stand
2014.10.19,kayak
2014.10.18,surf
2014.10.17,surf
2014.10.14,stand
2014.10.12,boogieboard
2014.10.11,kayak
2014.10.07,fish
2014.10.05.b,surf
2014.10.05.a,surf
2014.10.03.b,kayak
2014.10.03.a,kayak
2014.10.02.b,surf
2014.10.02.a,surf
2014.09.21,surf
2014.09.13.R,feed
2014.09.13,surf
2014.09.09,swim
2014.09.06,fish
2014.09.03,kayak
2014.09.02,fish
2014.09.00,play
2014.08.31,bodysurf
2014.08.29.b,surf
2014.08.28,fish
2014.08.27.c,swim
2014.08.27.b,surf
2014.08.27.a,stand
2014.08.25,fish
2014.08.24,windboard
2014.08.16,spearfish
2014.08.12,stand
2014.08.09.R,spearfish
2014.08.09,swim
2014.08.08,swim
2014.08.06,boogieboard
2014.08.05,swim
2014.08.02,surf
2014.08.01,surf
2014.08.00,NA
2014.07.27,swim
2014.07.22,surf
2014.07.21,stand
2014.07.20,wade
2014.07.16,swim
2014.07.14,swim
2014.07.13,dive
2014.07.12,bodysurf
2014.07.09,surf
2014.07.05.b,swim
2014.07.05.a,surf
2014.07.03,bodysurf
2014.06.27.R,row
2014.06.25,spearfish
2014.06.18.b,surf
2014.06.18.a,boogieboard
2016.01.11.R,surf
2014.06.17.R,NA
2014.06.09.c,fish
2014.06.09.b,stand
2014.06.09.a,boogieboard
2014.06.08,surf
2014.06.07,NA
2014.06.01.c,swim
2014.06.01.b,surf
2014.06.01.a,NA
2014.05.27.R,fall
2014.05.23,scubadiv
2014.05.22,NA
2014.05.15,boogieboard
2014.05.14,surf
2014.05.13,wade
2014.05.11,surf
2014.05.10.R,dive
2014.05.06,swim
2014.05.01,surf
2014.04.24,spearfish
2014.04.22,swim
2014.04.12.R,NA
2014.04.15,wade
2014.04.12,fish
2014.04.04.b,surf
2014.04.04.a,surf
2014.04.03,swim
2014.03.29,dive
2014.03.22.b,swim
2014.03.22.a,windboard
2014.03.21,surf
2014.03.18.c,windboard
2014.03.18.b,surf
2014.03.13,scubadiv
2014.03.12,swim
2014.03.02,surf
2014.02.20,windboard
2014.02.17,sail
2014.02.08,spearfish
2014.02.07.b,fish
2014.02.07,surf
2014.01.26,fish
2014.01.25,spearfish
2014.01.04,NA
2014.00.00,film
2013.12.25,snorkel
2013.12.16,surf
2013.12.13,fish
2013.12.11,boogieboard
2013.12.10,surf
2013.12.05,surf
2013.12.02,fish
2013.11.30,boogieboard
2013.11.29,snorkel
2013.11.23.a,surf
2013.11.22,surf
2013.11.12,surf
2013.11.10,fish
2013.11.07.b,boogieboard
2013.11.07.a,surf
2013.10.31,windboard
2013.10.28,snorkel
2013.10.26.b,boogieboard
2013.10.26.a,dive
2013.10.24,surf
2013.10.23,dive
2013.10.20,surf
2013.10.19,wade
2013.10.11,NA
2013.10.08,dive
2013.10.05,surf
2013.09.29.b,surf
2013.09.29.a,dive
2013.09.25,stand
2013.09.21.b,swim
2013.09.21.a,surf
2013.09.14,swim
2013.09.12,surf
2013.09.07.b,surf
2013.09.07.a,stand
2013.09.02,swim
2013.09.01.a,NA
2013.08.31.b,spearfish
2013.08.31.a,swim
2013.08.29,swim
2013.08.26,fish
2013.08.25.b,boogieboard
2013.08.25,NA
2013.08.18,surf
2013.08.17,surf
2013.08.14,snorkel
2013.08.13,windboard
2013.08.11,surf
2013.08.08.R,NA
2013.08.05,fish
2013.07.31,snorkel
2013.07.30,swim
2013.07.29.c,spearfish
2013.07.29.b,wade
2013.07.29.a,surf
2013.07.28.b,NA
2013.07.28.a,dive
2013.07.22,NA
2013.07.19,walk
2013.07.17.R,swim
2013.07.15,NA
2013.07.14,swim
2013.07.11,wade
2013.07.09,swim
2013.07.02,bodysurf
2013.06.30,fish
2013.06.25.c,fish
2013.06.25.b,swim
2013.06.25.a,swim
2013.06.18,swim
2013.06.17,swim
2013.06.16,surf
2013.06.15,surf
2013.06.14.R,boogieboard
2013.06.06.b,fish
2013.06.06.a,surf
2013.05.27.b,dive
2013.05.27.a,swim
2013.05.23.a,fish
2013.05.14,surf
2013.05.08.b,surf
2013.05.08.a,boogieboard
2013.05.04.a,surf
2013.04.28,fish
2013.04.24,swim
2013.04.21,fish
2013.04.17,play
2013.04.14,freediv
2013.04.13.b,surf
2013.04.10,windboard
2013.04.04,swim
2013.04.02.a,surf
2013.03.31,surf
2013.03.29,freediv
2013.03.21.R,snorkel
2013.03.21,fish
2013.03.16.b,fish
2013.03.16.a,surf
2013.03.12,spearfish
2013.03.10.b,spearfish
2013.03.10.a,swim
2013.03.03,swim
2013.02.27,swim
2013.02.21.b,surf
2013.02.21.a,surf
2013.02.10,surf
2013.02.09,scubadiv
2013.01.26,fish
2013.01.25,surf
2013.01.21.R,NA
2013.01.16,surf
2013.01.13,spearfish
2013.01.05,spearfish
2012.12.31,swim
2012.12.30,surf
2012.12.28,paddleboard
2012.12.25,swim
2012.12.19,surf
2012.12.05,surf
2012.12.02,spearfish
2012.12.00,scubadiv
2012.11.30,snorkel
2012.11.22,swim
2012.11.19,surf
2012.11.04.b,dive
2012.11.04.a,surf
2012.10.30,surf
2012.10.27,swim
2012.10.23,surf
2012.10.18.b,surf
2012.10.18.a,paddleboard
2012.10.11.R,bath
2012.10.07,windboard
2012.10.02,boogieboard
2012.09.25,surf
2012.09.16,surf
2012.09.24,surf
2012.09.10,swim
2012.09.08.b,surf
2012.09.08.a,swim
2012.09.06.b,surf
2012.09.06.a,surf
2012.09.04,surf
2012.09.02.b,boogieboard
2012.09.02.a,NA
2012.08.31,fish
2012.08.28,surf
2012.08.26,swim
2012.08.15,NA
2012.08.11,fish
2012.08.09,freediv
2012.08.05,surf
2012.08.04,spearfish
2012.07.31.b,surf
2012.07.31.a,surf
2012.07.30.b,surf
2012.07.30.a,bodysurf
2012.07.23,surf
2012.07.21,swim
2012.07.19,surf
2012.07.14,surf
2012.07.08,swim
2012.07.07.c,spearfish
2012.07.07.b,scubadiv
2012.07.07.a,kayak
2012.07.06,surf
2012.06.28.R,swim
2012.06.26.c,swim
2012.06.26.b,surf
2012.06.26.a,sit
2012.06.22.b,surf
2012.06.22.a,swim
2012.06.20,kayak
2012.06.19,stand
2012.06.18,wade
2012.06.15,fish
2012.06.14.d,swim
2012.06.14.c,swim
2012.06.14.b,swim
2012.06.14.a,swim
2012.06.12,surf
2012.06.10,rescu
2012.06.03,kayak
2012.06.02.b,surf
2012.06.02.a,boogieboard
2012.05.31,wade
2012.05.29,spearfish
2012.05.23,surf
2012.05.20,fish
2012.05.16,spearfish
2012.05.12,fish
2012.05.09,swim
2012.05.06,paddleboard
2012.04.19.b,surf
2012.04.19.a,boogieboard
2012.04.11,kayak
2012.04.03,surf
2012.03.31,scubadiv
2012.03.24,surf
2012.03.22,fish
2012.03.20,surf
2012.03.15,surf
2012.03.14.b,surf
2012.03.14.a,surf
2012.03.06.a,dive
2012.03.06.b,surf
2012.03.05,boogieboard
2012.03.04,windboard
2012.03.03,windboard
2012.03.01,fish
2012.02.26,windboard
2012.02.25,fish
2012.02.20,fish
2012.02.06,surf
2012.01.27,snorkel
2012.01.22.R,NA
2012.01.19,snorkel
2012.01.18.b,fish
2012.01.18.a,surf
2012.01.15,swim
2012.01.13,surf
2012.01.03,surf
2012.01.02,spearfish
2011.12.26.R,swim
2011.12.25,surf
2011.12.23,surf
2011.12.21.b,kayak
2011.12.21.a,fish
2011.12.11,surf
2011.12.07.b,kayak
2011.12.07.a,surf
2011.12.06,surf
2011.12.05,spearfish
2011.12.02,surf
2011.11.29,surf
2011.11.28,swim
2011.11.22,kayak
2011.11.20.R,scubadiv
2011.11.12,surf
2011.11.11,spearfish
2011.10.29.,surf
2011.10.28.R,surf
2011.10.28.,dive
2011.10.22,dive
2011.10.20,surf
2011.10.19,dive
2011.10.11,surf
2011.10.10,surf
2011.10.09,swim
2011.10.05,kayak
2011.10.02,fish
2011.09.30,surf
2011.09.28.b,fish
2011.09.28.a,swim
2011.09.24.b,spearfish
2011.09.24.a,jump
2011.09.20,kayak
2011.09.19,boogieboard
2011.09.17,swim
2011.09.16,surf
2011.09.11.b,surf
2011.09.11.a,windboard
2011.09.04.b,surf
2011.09.04.a,boogieboard
2011.09.02,surf
2011.08.31,surf
2011.08.28.b,swim
2011.08.28.a,fish
2011.08.26,stand
2011.08.24.b,surf
2011.08.23,surf
2011.08.18,swim
2011.08.17.c.,wade
2011.08.17.a,swim
2011.08.16.c,surf
2011.08.16.b,float
2011.08.16.a,NA
2011.08.15,play
2011.08.11,swim
2011.08.01,dive
2011.07.31,swim
2011.07.30,NA
2011.07.25,fish
2011.07.22,surf
2011.07.19,boogieboard
2011.07.15,kayak
2011.07.13.b,fish
2011.07.13.a,scubadiv
2011.07.07.b,swim
2011.07.07.a,fish
2011.07.06,surf
2011.07.05,kayak
2011.06.30,snorkel
2011.06.29,surf
2011.06.28,scubadiv
2011.06.26,play
2011.06.24,surf
2011.06.21,NA
2011.06.19.b,spearfish
2011.06.19.a,surf
2011.06.15,boogieboard
2011.06.12,scubadiv
2011.06.14.R,fish
2011.06.06.R,spearfish
2011.06.06.b,spearfish
2011.06.06.a,wade
2011.06.01,snorkel
2011.05.30,stand
2011.05.29,surf
2011.05.25,surf
2011.05.22,paddleboard
2011.05.21.b,spearfish
2011.05.21.a,windboard
2011.05.13.b,bodysurf
2011.05.13.a,surf
2011.05.10,fish
2011.05.07.R,fish
2011.05.04,spearfish
2011.04.26,spearfish
2011.04.23,wash
2011.04.22,surf
2011.04.16,surf
2011.04.12,surf
2011.04.08,dive
2011.03.29.R,stand
2011.03.24,swim
2011.03.23,surf
2011.03.21.b,swim
2011.03.21.a,fish
2011.03.16,boogieboard
2011.03.10,surf
2011.02.28.R,fish
2011.02.23,spearfish
2011.02.19,surf
2011.02.17,dive
2011.02.13,fish
2011.02.12,snorkel
2011.02.04.R,fish
2011.02.02,fish
2011.01.31,swim
2011.01.28,fish
2011.01.26,scubadiv
2011.01.20,swim
2011.01.15,surf
2011.01.12.R,NA
2011.01.03,fish
2010.12.26,boogieboard
2010.12.17,surf
2010.12.11,surf
2010.12.05,snorkel
2010.12.03.R,surf
2010.12.01.b,snorkel
2010.12.01.a,snorkel
2010.11.30.b,snorkel
2010.11.30.a,snorkel
2010.11.27.R,fish
2010.11.27,swim
2010.11.19,snorkel
2010.11.15,dive
2010.11.12.R,fish
2010.10.30,snorkel
2010.10.28.R,spearfish
2010.10.28,surf
2010.10.25,fish
2010.10.23.b,scubadiv
2010.10.23.a,windboard
2010.10.22,boogieboard
2010.10.20,snorkel
2010.10.09,surf
2010.10.02.b,snorkel
2010.10.02.a,surf
2010.10.01,surf
2010.09.27,surf
2010.09.24,surf
2010.09.21,swim
2010.09.13,surf
2010.09.07,swim
2010.09.06.R,swim
2010.09.04,surf
2010.09.03.b,surf
2010.09.03.a,surf
2010.08.29,swim
2010.08.18,boogieboard
2010.08.17,surf
2010.08.14,fish
2010.08.10.b,fish
2010.08.10,swim
2010.08.08,surf
2010.08.07.b,surf
2010.08.07.a,windboard
2010.08.05,swim
2010.08.02.b,kayak
2010.08.02.a,stand
2010.07.25,stand
2010.07.23,surf
2010.07.19,swim
2010.07.17.b,swim
2010.07.17.a,surf
2010.07.16.b,swim
2010.07.16.a,fish
2010.07.11,fish
2010.07.04,snorkel
2010.07.03,fish
2010.07.02.b,surf
2010.07.02.a,stand
2010.06.27,surf
2010.06.25.b,boogieboard
2010.06.25.a,swim
2010.06.15,swim
2010.06.10,boogieboard
2010.06.06,surf
2010.06.00,surf
2010.05.30,fish
2010.05.18.c,rescu
2010.05.18.b,swim
2010.05.18.a,surf
2010.05.03,scubadiv
2010.05.01,wade
2010.04.28,NA
2010.04.19,surf
2010.04.13,surf
2010.04.04,NA
2010.03.27,surf
2010.02.19,swim
2010.02.16,surf
2010.02.15,scubadiv
2010.02.13,snorkel
2010.02.11,surf
2010.02.06.R,spearfish
2010.02.06.b,boogieboard
2010.02.06.a,fish
2010.02.04,spearfish
2010.02.03,windboard
2010.02.01,boogieboard
2010.01.30,surf
2010.01.27,surf
2010.01.22.b,surf
2010.01.22.a,surf
2010.01.12,stand
2010.01.09.d,snorkel
2010.01.09.a,bath
2010.01.06,spearfish
2010.01.05,surf
2009.12.29,wade
2009.12.26,swim
2009.12.22,swim
2009.12.20.b,kayak
2009.12.20.a,spearfish
2009.12.18,paddl
2009.12.16,NA
2009.12.13,surf
2009.12.12,row
2009.12.06,dive
2009.11.25,surf
2009.11.24,wade
2009.11.16.b,fish
2009.11.16.a,surf
2009.11.13,surf
2009.11.11,surf
2009.11.08,kayak
2009.11.05,surf
2009.10.30,kayak
2009.10.29.R,spearfish
2009.10.28,paddleboard
2009.10.24,surf
2009.10.19,surf
2009.10.18,wade
2009.10.17,dive
2009.10.14.R,dive
2009.10.09,surf
2009.10.02,fish
2009.09.26,swim
2009.09.15,fish
2009.09.12,swim
2009.09.07,NA
2009.09.02,swim
2009.09.01,fish
2009.08.30,surf
2009.08.29,surf
2009.08.25,swim
2009.08.11,boogieboard
2009.08.10,swim
2009.08.06,surf
2009.08.01,fish
2009.07.31,spearfish
2009.07.30,surf
2009.07.29,swim
2009.07.24.b,wade
2009.07.24.a,swim
2009.07.22.b,swim
2009.07.22.a,swim
2009.07.18,swim
2009.07.11.b,spearfish
2009.07.11.a,surf
2009.07.07,surf
2009.07.05,boogieboard
2009.07.04,swim
2009.06.27,surf
2009.06.21,surf
2009.06.16,NA
2009.06.14.R,fish
2009.06.02.b,scubadiv
2009.06.02.a,scubadiv
2009.06.01,snorkel
2009.05.31,fish
2009.05.25,swim
2009.05.17,surf
2009.05.16.b,surf
2009.05.12,spearfish
2009.05.16.a,surf
2009.05.06,spearfish
2009.04.25.R,surf
2009.04.21,surf
2009.04.20,swim
2009.04.19,surf
2009.04.17.,surf
2009.04.12,kayak
2009.04.11,spearfish
2009.04.06.b,swim
2009.04.06.a,spearfish
2009.04.03,wade
2009.03.27,fish
2009.03.21,surf
2009.03.20,surf
2009.03.19.b,surf
2009.03.19.a,surf
2009.03.18.a,surf
2009.03.17.R,feed
2009.03.17,swim
2009.03.16.R,wade
2009.03.06,surf
2009.03.02,fish
2009.03.01.b,fish
2009.03.01.a,surf
2009.02.22,fish
2009.02.18,surf
2009.02.12,surf
2009.02.11,NA
2009.02.08,NA
2009.02.07.b,surf
2009.02.07.a,surf
2009.01.27.R,fish
2009.01.25,spearfish
2009.01.24.c,fish
2009.01.24.b,swim
2009.01.24.a,swim
2009.01.23,swim
2009.01.18,fish
2009.01.16,surf
2009.01.12,snorkel
2009.01.11.b,surf
2009.01.11.a,surf
2009.01.10.R,fish
2009.01.10.a,surf
2009.01.06,swim
2009.01.00,spearfish
2008.12.30,NA
2008.12.27.d,NA
2008.12.27.c,boogieboard
2008.12.27.b,kayak
2008.12.27.a,snorkel
2008.12.20,kayak
2008.12.14,fish
2008.12.10,fish
2008.12.06,fish
2008.12.00,spearfish
2008.11.28,scubadiv
2008.11.25,sink
2008.11.09.b,fish
2008.11.09.a,fish
2008.11.06,fish
2008.10.22,scubadiv
2008.10.21,spearfish
2008.10.12,fish
2008.10.11,surf
2008.10.08,fish
2008.10.06,spearfish
2008.09.28.b,surf
2008.09.28.a,surf
2008.09.15,swim
2008.09.14,swim
2008.09.09,surf
2008.09.08,surf
2008.09.07,surf
2008.09.06.b,surf
2008.09.06.a,surf
2008.09.01,surf
2008.09.00,surf
2008.08.30.c,surf
2008.08.30.b,swim
2008.08.30.a,fish
2008.08.28,surf
2008.08.27,surf
2008.08.24,swim
2008.08.22,surf
2008.08.20,swim
2008.08.16,tread
2008.08.12,wade
2008.08.11,dive
2008.07.30.R,surf
2008.07.27,NA
2008.07.26.b,swim
2008.07.26.a,swim
2008.07.25.b,surf
2008.07.25.a,snorkel
2008.07.24.b,wade
2008.07.24.a,wade
2008.07.23,surf
2008.07.19,wade
2008.07.18,dive
2008.07.13,bodysurf
2008.07.11,surf
2008.07.09,swim
2008.07.00,row
2008.06.28.c,wade
2008.06.28.b,spearfish
2008.06.28.a,kayak
2008.06.26.R,spearfish
2008.06.26.b,surf
2008.06.26.a,swim
2008.06.24,surf
2008.06.21,kayak
2008.06.20,wade
2008.06.11,surf
2008.06.07,bodysurf
2008.06.02.R,fish
2008.06.01.b,bodysurf
2008.06.01.a,swim
2008.05.26,surf
2008.05.24.b,NA
2008.05.24.a,surf
2008.05.23,surf
2008.05.14,dive
2008.05.10,swim
2008.05.07.b,fish
2008.05.07.a,wade
2008.05.01,fish
2008.04.28.b,surf
2008.04.28.a,surf
2008.04.27,surf
2008.04.26.b,swim
2008.04.17,surf
2008.04.26.a,surf
2008.04.25,swim
2008.04.20.b,surf
2008.04.19.R,freediv
2008.04.18,swim
2008.04.15,surf
2008.04.09.R,spearfish
2008.04.08.R,surf
2008.04.08,boogieboard
2008.04.03,surf
2008.03.28.c,fish
2008.03.28.b,surf
2008.03.28.a,boogieboard
2008.03.25,wade
2008.03.23,surf
2008.03.21,wade
2008.03.15,NA
2008.03.07,surf
2008.02.24,dive
2008.02.21.R,spearfish
2008.02.15,surf
2008.02.07,surf
2008.02.06,kayak
2008.01.29,kayak
2008.01.27,stand
2008.01.19.R,wade
2008.01.14,NA
2008.01.10,surf
2008.00.00.b,fish
2008.00.00.a,surf
2007.12.21,surf
2007.12.19,scubadiv
2007.12.18,surf
2007.12.15,swim
2007.12.14,swim
2007.12.10,surf
2007.12.09,surf
2007.12.07,remov
2007.11.18,fish
2007.11.08,surf
2007.11.07,surf
2007.11.06,surf
2007.11.04,surf
2007.11.03,surf
2007.11.00,dive
2007.10.29,float
2007.10.15,kayak
2007.10.13,spearfish
2007.10.07,surf
2007.10.06,surf
2007.09.30.c,surf
2007.09.30.b,capsiz
2007.09.30.a,swim
2007.09.28,spearfish
2007.09.27.b,surf
2007.09.27.a,swim
2007.09.22.b,scubadiv
2007.09.22.a,surf
2007.09.20,surf
2007.09.17,spearfish
2007.09.16.b,wade
2007.09.16.a,surf
2007.09.13,snorkel
2007.09.08,wade
2007.09.05,wade
2007.09.04,stand
2007.09.03.b,jump
2007.09.03.a,swim
2007.08.28.b,boogieboard
2007.08.28.a,surf
2007.08.26,surf
2007.08.25,surf
2007.08.22,dive
2007.08.20,fish
2007.08.19.c,swim
2007.08.19.b,surf
2007.08.19.a.,play
2007.08.15,float
2007.08.12,swim
2007.08.11,surf
2007.08.09.b,swim
2007.08.09.a,boogieboard
2007.08.07,jump
2007.07.29,surf
2007.07.28,surf
2007.07.22,paddl
2007.07.21,fish
2007.07.19.b,snorkel
2007.07.19.a,wade
2007.07.18.b,swim
2007.07.18.a,scubadiv
2007.07.17.b,swim
2007.07.17.a,wade
2007.07.10,spearfish
2007.07.05,surf
2007.07.04,boogieboard
2007.07.00,NA
2007.06.30.b,remov
2007.06.30.a,swim
2007.06.25,surf
2007.06.24,surf
2007.06.17,surf
2007.06.12,swim
2007.06.05,surf
2007.05.26,wade
2007.05.24,NA
2007.05.17.R,fish
2007.05.16,wade
2007.05.12,surf
2007.05.10,surf
2007.05.09.R,snorkel
2007.05.08,swim
2007.05.07.b,snorkel
2007.05.07.a,swim
2007.05.04,NA
2007.05.00,NA
2007.04.26,NA
2007.04.22,boogieboard
2007.04.20,surf
2007.04.13.R,fish
2007.04.09,surf
2007.04.01,play
2007.03.31.b,surf
2007.03.22,NA
2007.03.21,surf
2007.03.20,surf
2007.03.14.R,fish
2007.03.12,swim
2007.03.11,surf
2007.03.05.R,spearfish
2007.02.04,swim
2007.02.03,boogieboard
2007.02.00,spearfish
2007.01.25.b,spearfish
2007.01.25.a,NA
2007.01.23,dive
2007.01.19,swim
2007.01.14,NA
2007.01.09,surf
2007.01.07,surf
2007.01.05,surf
2006.12.18,surf
2006.12.11,surf
2006.12.10,surf
2006.12.06,fish
2006.12.02,boogieboard
2006.11.25,NA
2006.11.11,swim
2006.11.09,kayak
2006.10.31,surf
2006.10.16,fish
2006.10.10,surf
2006.10.07,surf
2006.10.05,play
2006.10.00.b,freediv
2006.10.00.a,NA
2006.09.30,spearfish
2006.09.29,surf
2006.09.18.R,dive
2006.09.16,surf
2006.09.14,swim
2006.09.11,surf
2006.09.04,dive
2006.09.03.a,stand
2006.09.02,swim
2006.08.29.b,surf
2006.08.29.a,surf
2006.08.27,boogieboard
2006.08.22.a,spearfish
2006.08.20.b,NA
2006.08.20.a,surf
2006.08.15,surf
2006.08.13,NA
2006.08.00.b,wade
2006.08.00.a,spearfish
2006.07.31.R,NA
2006.07.31.a,surf
2006.07.29.b,boogieboard
2006.07.29.a,surf
2006.07.28,kayak
2006.07.25,surf
2006.07.23,fish
2006.07.17,stand
2006.07.13,swim
2006.07.12,swim
2006.07.09.b,wade
2006.07.09.a,walk
2006.07.08.b,boogieboard
2006.07.08.a,swim
2006.06.30,spearfish
2006.06.27,boogieboard
2006.06.26,fish
2006.06.24,spearfish
2006.06.20,surf
2006.06.18,boogieboard
2006.06.17,scubadiv
2006.06.15,surf
2006.06.07,play
2006.06.05,surf
2006.05.31,spearfish
2006.05.28,NA
2006.05.27,surf
2006.05.24,spearfish
2006.05.21,surf
2006.05.19,scubadiv
2006.05.04,swim
2006.05.02,snorkel
2006.04.21,surf
2006.04.19,stand
2006.04.13,fish
2006.04.11,surf
2006.04.09.b,boogieboard
2006.04.09.a,swim
2006.04.03,wade
2006.03.28.R,fish
2006.03.23,surf
2006.03.22,swim
2006.03.19,surf
2006.03.15,surf
2006.02.27,stand
2006.02.23,freediv
2006.02.13,wade
2006.02.12.b,swim
2006.02.12.a,fish
2006.02.08,surf
2006.02.01.b,swim
2006.02.01.a,kayak
2006.01.28.R,row
2006.01.25,spearfish
2006.01.23,row
2006.01.18,surf
2006.01.15,scubadiv
2006.01.11,dive
2006.01.07,swim
2006.01.04,surf
2006.01.01,dive
2005.12.24,surf
2005.12.21,swim
2005.12.20,row
2005.12.11,spearfish
2005.12.05.R,fish
2005.11.29.R,surf
2005.11.27,surf
2005.11.25.c,fish
2005.11.25.b,surf
2005.11.25.a,surf
2005.11.24,spearfish
2005.11.21,surf
2005.11.20,surf
2005.11.15,fish
2005.11.12,surf
2005.11.02.b,surf
2005.11.02.a,surf
2005.10.29,wade
2005.10.25,stand
2005.10.22,surf
2005.10.21,surf
2005.10.19,surf
2005.10.15,wade
2005.10.13,surf
2005.10.11,scubadiv
2005.10.06,surf
2005.10.03,dive
2005.10.01,kayak
2005.09.27.R,surf
2005.09.24,surf
2005.09.23,surf
2005.09.22,surf
2005.09.20,bodysurf
2005.09.11,surf
2005.09.07,stand
2005.09.05,wade
2005.09.04.a,surf
2005.09.02.b,surf
2005.09.02.a,remov
2005.08.24.b,scubadiv
2005.08.24.a,surf
2005.08.22,boogieboard
2005.08.21,swim
2005.08.19,walk
2005.08.12,surf
2005.08.06,swim
2005.08.01,fish
2005.07.27,wade
2005.07.23,surf
2005.07.22,surf
2005.07.17.b,swim
2005.07.17.a,scubadiv
2005.07.15,swim
2005.07.13,NA
2005.07.01,stand
2005.06.27,fish
2005.06.25,swim
2005.06.22,swim
2005.06.21,surf
2005.06.18,swim
2005.06.16,swim
2005.06.13,dive
2005.06.07,boogieboard
2005.06.05,surf
2005.06.04,spearfish
2005.06.02,wade
2005.05.28,swim
2005.05.27,NA
2005.05.25,surf
2005.05.15,spearfish
2005.05.14,kayak
2005.05.03,fish
2005.05.02.R,NA
2005.05.02,surf
2005.04.25,fish
2005.04.16.b,spearfish
2005.04.16.a,surf
2005.04.13,wade
2005.04.09,surf
2005.04.07,surf
2005.03.28,surf
2005.03.27.R,surf
2005.03.25,surf
2005.03.19,snorkel
2005.03.12,dive
2005.03.09,fish
2005.03.05,dive
2005.02.26,swim
2005.02.22,spearfish
2005.02.16,surf
2005.02.13,spearfish
2005.02.04,surf
2005.01.20,swim
2005.01.19,spearfish
2005.01.14,sail
2005.01.08,fish
2004.12.26,NA
2004.12.16,NA
2004.12.11,spearfish
2004.11.27,surf
2004.11.26,play
2004.11.15,swim
2004.11.11.b,surf
2004.11.11.a,snorkel
2004.11.00,dive
2004.10.31,dive
2004.10.30.a,NA
2004.10.21,surf
2004.10.10,surf
2004.10.09.b,spearfish
2004.10.09.a,surf
2004.10.06,boogieboard
2004.10.02,surf
2004.10.01,surf
2004.09.25,spearfish
2004.09.20,surf
2004.09.10,fish
2004.09.08,swim
2004.09.04,jump
2004.08.29,walk
2004.08.21,bath
2004.08.20,surf
2004.08.15,dive
2004.08.06,swim
2004.08.03,spearfish
2004.08.00,fish
2004.07.31,surf
2004.07.30,fish
2004.07.28,surf
2004.07.27.b,swim
2004.07.27.a,swim
2004.07.25,fish
2004.07.19.R,fish
2004.07.15,fish
2004.07.10,surf
2004.07.02.b,snorkel
2004.06.26.b,surf
2004.07.02.a,wade
2004.06.26.a,fish
2004.06.14,dive
2004.06.10.b,boogieboard
2004.06.10.a,swim
2004.06.02,swim
2004.05.29,wade
2004.05.28,surf
2004.05.23.b,swim
2004.05.23.a,NA
2004.05.22.c,swim
2004.05.22.a,wade
2004.05.18,spearfish
2004.05.04,surf
2004.05.01,swim
2004.04.26,dive
2004.04.22,fish
2004.04.13.b,fish
2004.04.13.a,fish
2004.04.07,surf
2004.04.05,surf
2004.04.04,surf
2004.03.31.a,surf
2004.03.29,boogieboard
2004.03.28,surf
2004.03.27.b,surf
2004.03.27.a,swim
2004.03.24,snorkel
2004.03.22,spearfish
2004.03.16,surf
2004.03.06,spearfish
2004.02.29,swim
2004.02.26,surf
2004.02.21,swim
2004.02.16,spearfish
2004.02.14,snorkel
2004.02.11,snorkel
2004.01.25,scubadiv
2004.01.23,surf
2004.01.22,boogieboard
2004.01.21.b,swim
2004.01.21.a,spearfish
2004.01.15.R,kayak
2004.01.12,dive
2004.01.07,surf
2004.01.03.b,spearfish
2004.01.03.a,NA
2004.00.00,surf
2003.12.26,swim
2003.12.13.b,swim
2003.12.13.a,swim
2003.12.08,surf
2003.11.30.b,swim
2003.11.30.a,swim
2003.11.27,spearfish
2003.11.22,surf
2003.11.12.b,NA
2003.11.12.a,surf
2003.11.06.b,snorkel
2003.11.06.a,kayak
2003.11.01,stand
2003.11.00,spearfish
2003.10.31.c,surf
2003.10.31.b,surf
2003.10.31.a,surf
2003.10.27,surf
2003.10.24,snorkel
2003.10.14,surf
2003.10.06,swim
2003.10.05.e,surf
2003.10.05.d,surf
2003.10.05.c,surf
2003.10.05.b,sit
2003.10.05.a,fish
2003.09.29,wade
2003.09.28,surf
2003.09.21,surf
2003.09.19,surf
2003.09.17,surf
2003.09.14.c,surf
2003.09.14.b,fish
2003.09.14.a,swim
2003.09.13.b,boogieboard
2003.09.13.a,stand
2003.09.12,boogieboard
2003.09.00,fish
2003.08.29,fish
2003.08.19,swim
2003.08.12,swim
2003.08.08,sit
2003.07.26.R,kayak
2003.07.20,surf
2003.07.15,wade
2003.07.09,spearfish
2003.07.05.b,walk
2003.07.05.a,surf
2003.07.04,spearfish
2003.07.00.c,spearfish
2003.07.00.b,spearfish
2003.07.00.a,snorkel
2003.06.30,surf
2003.06.26,surf
2003.06.24.b,stand
2003.06.24.a,swim
2003.06.22,swim
2003.06.19,surf
2003.06.08,surf
2003.06.00,swim
2003.05.25,surf
2003.05.14,wade
2003.05.10,swim
2003.05.07,surf
2003.05.03,walk
2003.04.26,NA
2003.04.25,swim
2003.04.23.b,surf
2003.04.23.a,swim
2003.04.21.b,surf
2003.04.21.a,surf
2003.04.20.c,surf
2003.04.20.b,surf
2003.04.20.a,surf
2003.04.19,jump
2003.04.18,surf
2003.04.15,swim
2003.04.11,surf
2003.04.09,surf
2003.04.04,surf
2003.03.10,NA
2003.02.27,scubadiv
2003.02.15.b,wade
2003.02.15.a,swim
2003.02.11,swim
2003.02.08,swim
2003.01.17,NA
2003.01.03,surf
2003.01.02,surf
2002.12.29,snorkel
2002.12.24,snorkel
2002.12.21,scubadiv
2002.12.20,swim
2002.12.16,swim
2002.12.01,surf
2002.11.28.b,scubadiv
2002.11.28.a,boogieboard
2002.11.17,swim
2002.11.14,snorkel
2002.11.11,surf
2002.11.02,boogieboard
2002.11.00.a,fish
2002.10.30,swim
2002.10.14,swim
2002.10.11,surf
2002.10.05.b,surf
2002.10.05.a,surf
2002.10.03,surf
2002.09.30,surf
2002.09.29,surf
2002.09.27.c,fish
2002.09.27.b,fish
2002.09.27.a,swim
2002.09.21.b,surf
2002.09.21.a,surf
2002.09.16.b,swim
2002.09.16.a,boogieboard
2002.09.13,kayak
2002.09.09,boogieboard
2002.09.05,wade
2002.08.28,surf
2002.08.17,swim
2002.08.14,surf
2002.08.11,surf
2002.08.07,stand
2002.08.06.R,dive
2002.08.05,stand
2002.07.26,surf
2002.07.20,swim
2002.07.10,surf
2002.07.09.b,fish
2002.07.09.a,surf
2002.07.04,stand
2002.06.20.b,surf
2002.06.20.a,swim
2002.06.13.R1,NA
2002.06.11.b,sit
2002.06.11.a,surf
2002.06.09.b,surf
2002.06.09.a,swim
2002.06.03,snorkel
2002.05.31.b,surf
2002.05.31.a,float
2002.05.22.b,fish
2002.05.22.a,play
2002.05.21.R,surf
2002.05.21,collect
2002.05.13,fish
2002.05.10,surf
2002.05.07,fish
2002.04.30,NA
2002.04.21,fish
2002.04.20,surf
2002.04.18,surf
2002.04.12,swim
2002.04.09,stand
2002.04.02,wade
2002.04.01,NA
2002.03.25.b,boogieboard
2002.03.25.a,wade
2002.03.24,swim
2002.03.19,NA
2002.03.15.b,snorkel
2002.03.15.a,surf
2002.03.03,spearfish
2002.02.23,fish
2002.02.16,surf
2002.02.07,kayak
2002.01.30.b,surf
2002.01.30.a,swim
2002.01.04,fish
2002.01.03,swim
2002.01.01.b,kayak
2002.01.01.a,snorkel
2001.12.21,surf
2001.11.23,surf
2001.11.14,surf
2001.11.07,kayak
2001.10.07,windboard
2001.10.02,snorkel
2001.09.30.b,bodysurf
2001.09.24,surf
2001.09.18,surf
2001.09.16,dive
2001.09.15.b,boogieboard
2001.09.15.a,surf
2001.09.13,dive
2001.09.08,fish
2001.09.07.b,walk
2001.09.07.a,swim
2001.09.03.b,swim
2001.09.03.a,swim
2001.09.02,wade
2001.09.01,swim
2001.08.31,spearfish
2001.08.29,stand
2001.08.27,wade
2001.08.26,boogieboard
2001.08.25,boogieboard
2001.08.22,surf
2001.08.21,surf
2001.08.19.c,surf
2001.08.19.b,surf
2001.08.19.a,surf
2001.08.18.c,surf
2001.08.18.b,surf
2001.08.18.a,surf
2001.08.16,spearfish
2001.08.12,fall
2001.08.04,swim
2001.08.03,fish
2001.07.21,fish
2001.07.15.b,surf
2001.07.15.a,boogieboard
2001.07.06.b,surf
2001.07.06.a,swim
2001.07.00,float
2001.06.12,swim
2001.06.10,spearfish
2001.06.09,NA
2001.06.03,wade
2001.05.23,swim
2001.05.20,swim
2001.05.18,fish
2001.05.08,surf
2001.05.04,surf
2001.05.03,surf
2001.05.00,spearfish
2001.04.28,boogieboard
2001.04.13.b,surf
2001.04.13.a,surf
2001.04.12.d,surf
2001.04.12.c,surf
2001.04.12.b,boogieboard
2001.04.12.a,surf
2001.04.11.d,surf
2001.04.11.c,surf
2001.04.11.a,surf
2001.04.10,surf
2001.04.08.b,surf
2001.04.08.a,snorkel
2001.04.05,stand
2001.04.02.b,NA
2001.04.02.a,surf
2001.03.23,boogieboard
2001.03.09,surf
2001.03.08,NA
2001.03.03,swim
2001.03.00,sink
2001.02.26,fish
2001.02.11,NA
2001.02.04,surf
2001.01.24.R,kayak
2001.01.24,swim
2001.01.21,fish
2001.01.09,surf
2001.01.06,kayak
2000.12.24,scubadiv
2000.12.12,swim
2000.12.11,fish
2000.12.05,dive
2000.12.03,spearfish
2000.12.00,surf
2000.11.21,dive
2000.11.20,NA
2000.11.18,swim
2000.11.10,walk
2000.11.06.b,swim
2000.11.06.a,swim
2000.11.04,surf
2000.10.29,fish
2000.10.20,surf
2000.10.18,NA
2000.10.14,swim
2000.10.09,surf
2000.10.06.b,surf
2000.10.06.a,bodysurf
2000.10.02,surf
2000.09.29,sit
2000.09.25,surf
2000.09.24,surf
2000.09.18,fall
2000.09.16.b,surf
2000.09.15,surf
2000.09.12,surf
2000.09.11,NA
2000.09.10.b,swim
2000.09.10.a,freediv
2000.09.08.c,swim
2000.09.08.b,wade
2000.09.08.a,surf
2000.09.00.b,swim
2000.08.31,swim
2000.08.30,jump
2000.08.27.R,NA
2000.08.21,swim
2000.08.15,windboard
2000.08.13,surf
2000.08.12,stand
2000.08.11,swim
2000.08.10,NA
2000.08.00,swim
2000.07.22,snorkel
2000.07.17,surf
2000.07.16.b,surf
2000.07.16.a,surf
2000.07.15.b,surf
2000.07.15.a,surf
2000.07.12,scubadiv
2000.07.10,wade
2000.07.09,swim
2000.07.07,jump
2000.07.06,play
2000.07.04.b,wade
2000.07.04.a,spearfish
2000.07.02.b,wade
2000.07.02.a,stand
2000.07.00,swim
2000.06.29,fish
2000.06.19,stand
2000.06.13,sail
2000.06.10,surf
2000.06.09.b,swim
2000.06.09.a,swim
2000.06.02,snorkel
2000.06.00,swim
2000.05.13,NA
2000.05.07.b,stand
2000.05.07.a,dive
2000.04.14,walk
2000.04.09,wade
2000.03.31,fish
2000.03.30,swim
2000.03.26,boogieboard
2000.03.24,surf
2000.03.15,spearfish
2000.03.14,surf
2000.03.10,row
2000.03.09,row
2000.03.03.R,kayak
2000.03.02,swim
2000.03.00,spearfish
2000.02.19,bodysurf
2000.02.14,feed
2000.02.03,surf
2000.02.01,surf
2000.01.28.R,sink
2000.01.05,dive
2000.00.00,fish
1999.12.31.c,surf
1999.12.31.b,swim
1999.12.31.a,bath
1999.12.26,surf
1999.12.14,scubadiv
1999.12.06,spearfish
1999.12.02,surf
1999.11.30,surf
1999.11.23,swim
1999.11.15,surf
1999.11.13,surf
1999.11.06,NA
1999.11.00.b,swim
1999.11.00.a,swim
1999.10.30.b,boogieboard
1999.10.30.a,bodysurf
1999.10.20,surf
1999.10.01,surf
1999.09.29,surf
1999.09.24,fish
1999.09.16,wade
1999.09.10,wade
1999.09.05,surf
1999.09.04.b,wade
1999.09.04.a,wade
1999.08.26,surf
1999.08.24,surf
1999.08.23,fish
1999.08.21,surf
1999.08.16,NA
1999.08.05.a,bodysurf
1999.08.05,spearfish
1999.07.29,surf
1999.07.26,swim
1999.07.21,surf
1999.07.15,boogieboard
1999.07.04,wade
1999.07.03,surf
1999.06.19,NA
1999.06.17,surf
1999.06.12,swim
1999.06.09,wade
1999.05.29,windboard
1999.05.01,surf
1999.04.22,swim
1999.04.11,swim
1999.04.01,surf
1999.03.18.R,spearfish
1999.03.18.b,NA
1999.03.18.a,swim
1999.03.14.b,spearfish
1999.03.14.a,fish
1999.03.08,boogieboard
1999.03.05,swim
1999.02.26.R,NA
1999.02.23,surf
1999.02.03,surf
1999.01.29,spearfish
1999.01.13,kayak
1999.01.07,NA
1999.01.03.R,fish
1999.01.03,spearfish
1999.00.00.b,spearfish
1999.00.00.a,bodysurf
1998.12.24,surf
1998.12.22,stand
1998.12.20.R,surf
1998.12.18,NA
1998.12.15,surf
1998.11.21,swim
1998.11.14,surf
1998.11.11,walk
1998.11.05,surf
1998.11.02.b,fish
1998.11.02.a,surf
1998.10.24,swim
1998.10.18,surf
1998.10.10,surf
1998.10.04,surf
1998.10.01.b,dive
1998.09.27,surf
1998.09.22,surf
1998.09.16.R,fish
1998.09.14,surf
1998.09.00,spearfish
1998.08.30,surf
1998.08.27,fish
1998.08.26,boogieboard
1998.08.15,spearfish
1998.08.23.R,spearfish
1998.08.13,boogieboard
1998.08.12,NA
1998.08.01.b,surf
1998.08.01.a,spearfish
1998.07.26,surf
1998.07.25,surf
1998.07.11,surf
1998.07.06.b,wade
1998.07.06.a,surf
1998.06.28.a,freediv
1998.06.22,boogieboard
1998.06.08,surf
1998.06.05,surf
1998.05.30,surf
1998.05.29.b,boogieboard
1998.05.29.a,boogieboard
1998.05.25,surf
1998.05.16.c,swim
1998.05.16.b,NA
1998.05.16.a,boogieboard
1998.04.26,NA
1998.04.21,surf
1998.04.17,scubadiv
1998.04.01,swim
1998.03.31,swim
1998.03.15,snorkel
1998.03.08.a,NA
1998.02.23,swim
1998.01.28.R,spearfish
1998.01.28.a,windboard
1998.01.25.b,bath
1998.01.25.a,surf
1998.01.17,surf
1998.01.14,surf
1998.00.00.c,surf
1998.00.00.b,dive
1998.00.00.a,spearfish
1997.12.28.b,spearfish
1997.12.28.a,sit
1997.12.25.a,swim
1997.11.09,scubadiv
1997.11.05.R,swim
1997.11.05,NA
1997.10.28.b,kayak
1997.10.28.a,surf
1997.10.24,surf
1997.10.21,surf
1997.10.11.R,NA
1997.10.04,swim
1997.09.16,swim
1997.09.09,surf
1997.09.08,surf
1997.09.06,surf
1997.08.30,surf
1997.08.27,surf
1997.08.24,surf
1997.08.14.b,scubadiv
1997.08.14.a,scubadiv
1997.08.11.c,float
1997.08.11.b,fish
1997.08.11.a,fish
1997.08.10,boogieboard
1997.08.09,surf
1997.08.05,wade
1997.08.04,fish
1997.08.02.b,bodysurf
1997.08.02.a,surf
1997.07.27,surf
1997.07.21,surf
1997.07.17,surf
1997.07.14,stand
1997.07.12,fish
1997.07.02.R,surf
1997.06.24,spearfish
1997.06.15,snorkel
1997.06.09,surf
1997.06.07,bath
1997.06.02,stand
1997.05.31.c,spearfish
1997.05.31.b,surf
1997.05.31.a,surf
1997.05.26,spearfish
1997.05.17,spearfish
1997.04.20,windboard
1997.02.28.b,swim
1997.02.28.a,scubadiv
1997.02.03,row
1997.01.25,snorkel
1997.01.20,windboard
1997.01.03.a,spearfish
1997.01.01,NA
1996.12.29,surf
1996.12.10,surf
1996.12.00.b,spearfish
1996.12.00.a,NA
1996.11.29.a,surf
1996.11.18,surf
1996.10.28.b,surf
1996.10.28.a,surf
1996.10.09,NA
1996.10.05.,surf
1996.10.03.b,surf
1996.10.03.a,surf
1996.09.18,swim
1996.09.06.b,dive
1996.09.06.a,NA
1996.09.02.b,stand
1996.09.02.a,sit
1996.09.01.b,boogieboard
1996.09.01.a,spearfish
1996.08.29,boogieboard
1996.08.13,freediv
1996.08.11,fish
1996.07.26,stand
1996.07.23.b,swim
1996.07.23.a,freediv
1996.07.21,swim
1996.07.20,swim
1996.07.04.b,stand
1996.07.04.a,dive
1996.06.25,bodysurf
1996.06.06,surf
1996.06.04,surf
1996.05.28,surf
1996.05.24,dive
1996.05.18,surf
1996.05.10,dive
1996.05.07,surf
1996.04.25.b,swim
1996.04.25.a,swim
1996.04.07,swim
1996.03.05,swim
1996.03.00,fish
1996.02.26,dive
1996.02.19.R,swim
1996.02.10.a,dive
1996.02.05,NA
1996.02.04,swim
1996.01.23,wade
1996.01.22,swim
1996.01.16,swim
1996.01.12,NA
1996.01.10,surf
1996.00.00.a,surf
1995.11.29,NA
1995.11.25.a,fall
1995.10.28.R,boogieboard
1995.10.21,surf
1995.10.11,stand
1995.10.01,surf
1995.09.30.b,surf
1995.09.30.a,surf
1995.09.28,windboard
1995.09.19.,surf
1995.09.17,swim
1995.09.16,boogieboard
1995.09.13,scubadiv
1995.09.11,dive
1995.09.03.b,dive
1995.09.03.a,swim
1995.08.31.b,surf
1995.08.31.a,NA
1995.08.27,surf
1995.08.26/b,surf
1995.08.26.a,surf
1995.08.25,swim
1995.08.22.c,swim
1995.08.22.a,surf
1995.08.21,dive
1995.08.19,fish
1995.08.15,wade
1995.08.13.a,swim
1995.08.10.b,surf
1995.08.10.a,NA
1995.08.07,boogieboard
1995.08.01,fish
1985.01.04,spearfish
1995.08.00,dive
1995.07.28.e,surf
1995.07.28.d,surf
1995.07.28.c,surf
1995.07.28.b,stand
1995.07.24,swim
1995.07.23,boogieboard
1995.07.07,surf
1995.07.06,surf
1995.07.03,fish
1995.07.00,jump
1995.06.30,scubadiv
1995.06.24,kayak
1995.06.23,jump
1995.06.17.b,surf
1995.06.17.a,swim
1995.06.16,swim
1995.06.14,swim
1995.06.13,swim
1995.06.02,swim
1995.05.31,dive
1995.05.26,surf
1995.05.24,NA
1995.05.12,dive
1995.04.09.b,dive
1995.04.09.a,scubadiv
1995.03.21,kayak
1995.03.11,surf
1995.03.05,swim
1995.02.19,swim
1995.02.00,windboard
1995.01.24,swim
1995.01.02,surf
1995.00.00.e,dive
1995.00.00.d,snorkel
1995.00.00.c,scubadiv
1994.12.30,boogieboard
1994.12.18,surf
1994.12.13,surf
1994.12.11,surf
1994.12.09.b,NA
1994.12.09.a,tread
1994.12.01,surf
1994.11.25.a,spearfish
1994.11.13,surf
1994.11.06.a,surf
1994.10.18,surf
1994.10.17,surf
1994.10.08,wade
1994.10.05,surf
1994.09.26,swim
1994.09.21,surf
1994.09.11.R,NA
1994.09.05,jump
1994.07.24,surf
1994.07.09.d,swim
1994.07.09.c,windboard
1994.07.09.b,surf
1994.07.09.a,surf
1994.07.08.b,surf
1994.07.08.a,surf
1994.06.24,spearfish
1994.05.31.b,surf
1994.05.31.a,surf
1994.05.28,spearfish
1994.05.24,wade
1994.05.23,wade
1994.05.15,surf
1994.04.06,wade
1994.04.03,freediv
1994.04.02,spearfish
1994.03.23.b,swim
1994.03.23.a,swim
1994.03.07,remov
1994.03.01,surf
1994.02.27,spearfish
1994.02.19,surf
1994.02.13,fish
1994.02.12,surf
1994.02.00,fish
1994.01.31.b,swim
1994.01.31.a,surf
1994.01.30,windboard
1994.01.12.R,fish
1994.01.09,NA
1994.01.03,swim
1994.00.00.b,play
1994.00.00.a,surf
1993.12.00,surf
1993.11.28,swim
1993.11.21,NA
1993.11.12,surf
1993.11.00,NA
1993.10.30,surf
1993.10.26,swim
1993.10.10,kayak
1993.10.00,surf
1993.09.30,swim
1993.09.26,spearfish
1993.09.16.b,surf
1993.09.16.a,surf
1993.09.14,wade
1993.09.03,swim
1993.08.21,spearfish
1993.08.19.R,surf
1993.08.19,surf
1993.08.15.b,feed
1993.08.15.a,NA
1993.08.14,fish
1993.08.12,freediv
1993.08.00.b,fish
1993.08.00.a,fish
1993.07.30,surf
1993.07.07,play
1993.06.30,swim
1993.06.29,boogieboard
1993.06.11.b,swim
1993.06.11.a,scubadiv
1993.06.10,paddl
1993.06.09,scubadiv
1993.06.05,scubadiv
1993.06.01,swim
1993.06.00,swim
1993.05.00.a,swim
1993.04.00,spearfish
1993.03.27,surf
1993.03.22,float
1993.03.14,paddl
1993.03.12,spearfish
1993.03.00,swim
1993.02.19,NA
1993.02.18,NA
1993.02.04,fish
1993.01.23,boogieboard
1993.01.05,spearfish
1993.01.02,surf
1993.00.00.d,surf
1993.00.00.b,spearfish
1993.00.00.a,snorkel
1992.12.28,stand
1992.12.23,NA
1992.11.29,spearfish
1992.11.25.a,surf
1992.11.23,surf
1992.11.14,kayak
1992.11.12.R,scubadiv
1992.11.11,scubadiv
1992.11.05.b,surf
1992.11.05.a,boogieboard
1992.10.29,NA
1992.10.22,surf
1992.10.15,scubadiv
1992.10.11,boogieboard
1992.10.01,surf
1992.09.18,boogieboard
1992.09.13,surf
1992.09.11,stand
1992.09.10,swim
1992.09.00,fish
1992.08.29,snorkel
1992.08.25,surf
1992.08.21,fish
1992.08.18,surf
1992.08.17,snorkel
1992.08.00,NA
1992.07.23,fish
1992.07.21,stand
1992.07.08.b,surf
1992.07.08.a,surf
1992.06.28.b,swim
1992.06.28.a,surf
1992.06.19,swim
1992.06.17,NA
1992.06.00,dive
1992.05.31,scubadiv
1992.05.22,surf
1992.05.00,scubadiv
1992.04.24,snorkel
1992.04.09,surf
1992.03.28,surf
1992.03.10,surf
1992.03.08.c,NA
1992.03.08.b,fish
1992.03.08.a,surf
1992.02.19,boogieboard
1992.02.14,dive
1992.02.09,surf
1992.01.29.b,spearfish
1992.01.29.a,boogieboard
1992.01.23,swim
1992.01.08,spearfish
1992.01.06,fish
1991.12.04,NA
1991.11.26.b,snorkel
1991.11.26.a,snorkel
1991.11.19,fish
1991.11.14,fish
1991.11.00,boogieboard
1991.10.12,surf
1991.10.05,surf
1991.09.19,spearfish
1991.09.08,scubadiv
1991.08.30,NA
1991.08.26,swim
1991.08.12,wade
1991.08.09,fish
1991.07.30,kayak
1991.07.27,snorkel
1991.07.18,NA
1991.07.07,swim
1991.07.01.b,surf
1991.07.01.a,surf
1991.07.00,boogieboard
1991.06.28,fish
1991.06.26,surf
1991.06.07.b,swim
1991.06.07.a,swim
1991.05.26,sit
1991.05.19,scubadiv
1991.04.24,fish
1991.04.16.b,dive
1991.04.16.a,surf
1991.04.03,sit
1991.03.03,scubadiv
1991.02.24,surf
1991.02.12,spearfish
1991.01.19,swim
1991.01.09,kayak
1991.01.00,surf
1990.11.28,swim
1990.11.03,scubadiv
1990.11.01,surf
1990.10.30.b,surf
1990.10.30.a,surf
1990.10.27,swim
1990.10.25,surf
1990.10.20,surf
1990.10.15,surf
1990.10.12,surf
1990.09.15,spearfish
1990.09.08,spearfish
1990.09.05,kayak
1990.08.30,scubadiv
1990.08.28,surf
1990.08.19.b,surf
1990.08.19.a,fish
1990.07.22,wade
1990.07.08,surf
1990.06.24,scubadiv
1990.06.23,spearfish
1990.05.13,fish
1990.05.10,snorkel
1990.05.06,NA
1990.04.14,paddl
1990.04.09,surf
1990.04.08,freediv
1990.04.07,surf
1990.04.06,surf
1990.04.01,sit
1990.03.24,swim
1990.03.05,surf
1990.02.17,spearfish
1990.02.05,sail
1990.01.12,surf
1990.00.00,surf
1989.12.19,fish
1989.12.02,swim
1989.11.22,surf
1989.11.18,spearfish
1989.11.12,wade
1989.11.02,swim
1989.10.29.R,swim
1989.10.22,surf
1989.10.14,scubadiv
1989.10.11,surf
1989.10.08,dive
1989.10.01,surf
1989.09.17,freediv
1989.09.13,fish
1989.09.10,feed
1989.09.09.b,NA
1989.09.09.a,surf
1989.09.03,film
1989.08.29,feed
1989.08.22.b,swim
1989.08.22.a,surf
1989.08.13,surf
1989.08.09,spearfish
1989.08.06.R,fish
1989.07.27,scubadiv
1989.07.20,surf
1989.07.19,surf
1989.07.14,surf
1989.07.07,play
1989.06.29,fall
1989.06.17,spearfish
1989.06.06,windboard
1989.06.05,surf
1989.06.03,freediv
1989.04.23,swim
1989.04.12,surf
1989.04.03,paddl
1989.04.00,paddl
1989.03.09,surf
1989.03.04,kayak
1989.02.19,fish
1989.02.15,windboard
1989.02.02,NA
1989.01.26.b,kayak
1989.01.26.a,kayak
1989.01.20.b,boogieboard
1989.01.20.a,NA
1989.01.08,swim
1989.01.03,surf
1989.00.00.b,scubadiv
1989.00.00.a,spearfish
1988.12.15,dive
1988.11.08,sink
1988.11.07,sink
1988.10.24,sink
1988.10.23,surf
1988.10.22,surf
1988.10.14,surf
1988.10.11,surf
1988.10.10,surf
1988.10.06,surf
1988.10.00,wade
1988.09.28,surf
1988.09.13.b,walk
1988.09.13.a,snorkel
1988.08.22.b,dive
1988.08.11,surf
1988.07.23,spearfish
1988.07.19,spearfish
1988.07.17,dive
1988.07.11,swim
1988.07.04.b,boogieboard
1988.07.04.a,snorkel
1988.07.00,spearfish
1988.06.19,spearfish
1988.06.16,scubadiv
1988.06.09,NA
1988.06.05,swim
1988.06.01,surf
1988.05.27,dive
1988.05.10,surf
1988.05.04,surf
1988.04.28,NA
1988.04.24,surf
1988.04.15a,swim
1988.04.15.b,capsiz
1988.04.14.b,surf
1988.04.14.a,windboard
1988.03.31,stand
1988.03.25,bodysurf
1988.03.16,surf
1988.03.14,surf
1988.02.14,surf
1988.02.13,NA
1988.02.12,fish
1988.02.02,dive
1988.01.27,surf
1988.01.21,fish
1988.01.14,fish
1988.01.06,NA
1988.01.05.R,NA
1988.00.00.c,surf
1987.12.20,caught
1987.12.17,surf
1987.11.21,surf
1987.10.26,surf
1987.10.25,boogieboard
1987.10.11,spearfish
1987.10.06,capsiz
1987.09.18,scubadiv
1987.09.13,surf
1987.08.20,wade
1987.08.15,surf
1987.07.21,surf
1987.07.12.b,bodysurf
1987.07.12.a,wade
1987.07.11,NA
1987.07.09,snorkel
1987.07.00,spearfish
1987.06.13,fish
1987.05.08,surf
1987.05.06,fish
1987.04.19,fish
1987.04.18,swim
1987.04.15,swim
1987.04.01,swim
1987.03.30.b,surf
1987.02.28,windboard
1987.02.19,sink
1987.01.28,spearfish
1987.01.06,swim
1987.00.00.b,jump
1987.00.00.a,boat
1986.12.31,spearfish
1986.12.22,boogieboard
1986.12.11,surf
1986.12.06.a,spearfish
1986.12.06.b,NA
1986.12.04,spearfish
1986.12.00,spearfish
1986.11.30,surf
1986.11.19,surf
1986.11.04,surf
1986.10.17,NA
1986.10.05,NA
1986.10.03,swim
1986.10.00,surf
1986.09.00.b,surf
1986.09.00.a,surf
1986.08.19,surf
1986.08.10,spearfish
1986.08.03,scubadiv
1986.07.26,fish
1986.07.00.a,spearfish
1986.05.18,scubadiv
1986.05.15,dive
1986.04.20,fish
1986.04.00,dive
1986.03.18,windboard
1986.03.15,tread
1986.03.05,surf
1986.02.18,surf
1986.02.17,surf
1986.02.07,swim
1986.02.06,spearfish
1986.02.01,surf
1986.01.12,surf
1986.00.00,surf
1985.12.22,surf
1985.11.11,fish
1985.11.05,boat
1985.11.03,fish
1985.10.24,boogieboard
1985.10.22,NA
1985.10.18,boogieboard
1985.10.12,dive
1985.10.05,fish
1985.09.28,spearfish
1985.09.08.b,swim
1985.09.08.a,scubadiv
1985.09.05,swim
1985.08.22,wade
1985.08.20,wade
1985.08.17,scubadiv
1985.07.25.b,wade
1985.07.25.a,surf
1985.07.21,fish
1985.07.19,play
1985.07.00,snorkel
1985.05.26,surf
1985.05.08,spearfish
1985.03.16,surf
1985.03.03,freediv
1985.02.18,scubadiv
1985.02.03,surf
1985.01.27,swim
1985.01.17,surf
1985.01.16,NA
1985.01.00.b,spearfish
1985.01.00.a,spearfish
1985.00.00.a,fish
1984.12.03,boat
1984.11.30,fall
1984.11.11,surf
1984.11.08,surf
1984.11.04,spearfish
1984.10.21.b,swim
1984.10.21,surf
1984.10.17,wade
1984.10.14.a,surf
1984.09.30.b,surf
1984.09.30.a,NA
1984.09.23,surf
1984.09.22.b,swim
1984.09.22.a,surf
1984.09.19,swim
1984.09.17,wade
1984.09.15,dive
1984.09.11,spearfish
1984.08.24,capsiz
1984.08.07,NA
1984.07.24.b,swim
1984.07.24.a,swim
1984.07.22,spearfish
1984.07.01,fish
1984.07.00.a,spearfish
1984.06.15,surf
1984.06.03.b,NA
1984.06.03,swim
1984.05.31,spearfish
1984.03.17,NA
1984.03.14,surf
1984.03.10,row
1984.02.18,fish
1984.02.17,scubadiv
1984.02.11,spearfish
1984.01.05,swim
1984.00.00.b,NA
1984.00.00.a,surf
1983.12.30,spearfish
1983.12.25,surf
1983.12.24,scubadiv
1983.12.22,swim
1983.12.21,swim
1983.11.21,sink
1983.11.10.R,surf
1983.11.10,swim
1983.10.17.a,surf
1983.10.13,wade
1983.09.04,stand
1983.08.20.b,surf
1983.08.20.a,spearfish
1983.08.15,swim
1983.08.13.b,dive
1983.08.13.a,dive
1983.08.06,fish
1983.07.26,swim
1983.07.25.b,swim
1983.07.25.a,sink
1983.07.15,surf
1983.07.12.b,windboard
1983.07.12.a,spearfish
1983.07.05,float
1983.06.29,swim
1983.06.22,spearfish
1983.06.20,surf
1983.06.00,spearfish
1983.05.31,NA
1983.05.24,surf
1983.05.21,surf
1983.04.19,surf
1983.04.12,fish
1983.04.02.b,surf
1983.03.30.a,spearfish
1983.03.22,surf
1983.03.10,surf
1983.02.20,kayak
1983.01.24,fish
1983.01.10,windboard
1983.01.08,spearfish
1983.00.00.d,swim
1983.00.00.c,NA
1983.00.00.b,fish
1982.11.00,NA
1982.10.13,windboard
1982.09.30.b,surf
1982.09.30.a,surf
1982.09.27,surf
1982.09.25,dive
1982.09.19,freediv
1982.08.29.b,surf
1982.08.29.a,swim
1982.08.00,windboard
1982.07.31,boogieboard
1982.07.24.b,kayak
1982.07.24.a,paddleboard
1982.07.19,swim
1982.07.11,swim
1982.07.01,swim
1982.06.29,surf
1982.06.26.b,swim
1982.06.26.a,spearfish
1982.06.13,fall
1982.03.10,surf
1982.03.07,surf
1982.03.00,spearfish
1982.02.28,spearfish
1982.02.27,surf
1982.02.17,fish
1982.02.14.b,wade
1982.02.14.a,swim
1982.02.13,swim
1982.02.07.a,scubadiv
1982.02.07..b,dive
1982.00.00.c,boat
1982.01.29,swim
1982.00.00.b,fish
1982.00.00.a,spearfish
1981.12.19,surf
1981.12.13.a,NA
1981.11.30,spearfish
1981.11.09,dive
1981.10.19.b,NA
1981.10.19.a,swim
1981.10.17,surf
1981.10.16,surf
1981.10.01,surf
1981.09.28,surf
1981.09.27,surf
1981.09.15,swim
1981.09.03.b,surf
1981.09.03.a,surf
1981.08.29,surf
1981.08.24.b,spearfish
1981.08.24.a,fish
1981.08.10.b,dive
1981.08.10.a,NA
1981.08.07,snorkel
1981.07.20,swim
1981.07.18,surf
1981.07.07,spearfish
1981.07.01,NA
1981.06.15.R,fish
1981.05.20,surf
1981.05.24,spearfish
1981.05.23,dive
1981.05.19,freediv
1981.05.16,dive
1981.05.10,surf
1981.05.07,NA
1981.05.05,surf
1981.03.25,wade
1981.03.24,surf
1981.03.08,NA
1981.03.04,spearfish
1981.03.00,dive
1981.02.19,swim
1981.02.16,NA
1981.02.02,surf
1981.02.00,spearfish
1981.01.30,spearfish
1981.01.01,swim
1981.00.00.b,kayak
1981.00.00.a,spearfish
1980.12.30,kayak
1980.11.24,spearfish
1980.11.17,swim
1980.11.18,swim
1980.11.11.,swim
1980.10.27,surf
1980.10.17,surf
1980.08.22.R,dive
1980.08.10,wade
1980.08.04,NA
1980.07.27,bodysurf
1980.07.26,dive
1980.07.23,stand
1980.07.00,surf
1980.06.26,scubadiv
1980.05.15,surf
1980.04.25,spearfish
1980.04.22,sink
1980.04.00,bodysurf
1980.03.29,freediv
1980.03.28,swim
1980.03.15,sink
1980.03.11,fish
1980.01.31,boogieboard
1980.01.25,spearfish
1980.01.15,spearfish
1980.01.13,swim
1980.01.10,swim
1980.01.05,NA
1980.00.00.d,net
1980.00.00.c,surf
1980.00.00.b,spearfish
1980.00.00.a,spearfish
1979.12.21,swim
1979.12.01,dive
1979.11.27,surf
1979.11.12,fish
1979.10.22,fish
1979.09.14,scubadiv
1979.08.28,swim
1979.08.05,kayak
1979.08.03,NA
1979.06.19,float
1979.05.27,scubadiv
1979.05.05,spearfish
1979.05.03,scubadiv
1979.05.00.c,fish
1979.04.08.b,swim
1979.04.08.a,bodysurf
1979.03.24,surf
1979.03.11,scubadiv
1979.03.00,spearfish
1979.02.21,surf
1979.00.00,fish
1978.12.12,spearfish
1978.11.26,surf
1978.11.23,surf
1978.10.21,fish
1978.09.27,spearfish
1978.09.16,dive
1978.09.02.R,scubadiv
1978.08.05,wade
1978.08.01.R,float
1978.07.27,NA
1978.07.19,fish
1978.06.21.b,surf
1978.06.21.a,surf
1978.04.02.b,dive
1978.04.02.a,dive
1978.04.00,scubadiv
1978.02.28,fish
1978.02.19,dive
1978.01.17,surf
1978.00.00.b,surf
1978.00.00.a,swim
1977.12.31,swim
1977.12.19.b,surf
1977.12.19.a,surf
1977.12.00,fish
1977.11.12,stand
1977.10.30,spearfish
1977.08.31,surf
1977.08.23,float
1977.08.19,fish
1977.08.14,freediv
1977.08.05,wade
1977.07.02,fish
1977.06.26,spearfish
1977.06.06,collect
1977.05.26,fish
1977.04.21,swim
1977.03.17,swim
1977.03.13.c,NA
1977.03.13.b,NA
1977.03.13.a,NA
1977.02.26,NA
1977.01.00,swim
1976.12.18,submerg
1976.11.27,NA
1976.11.25,surf
1976.11.23,swim
1976.11.06,fish
1976.10.27,boat
1976.10.18,surf
1976.10.06,surf
1976.09.22,NA
1976.09.19,dive
1976.09.17,sink
1976.09.12.b,swim
1976.09.12.a,swim
1976.09.06,surf
1976.08.26,surf
1976.08.24,surf
1976.07.24,spearfish
1976.07.21,play
1976.07.16,scubadiv
1976.07.12,spearfish
1976.06.23,dive
1976.06.10,swim
1976.06.02.R,fish
1976.06.01,sit
1976.05.02,fish
1976.03.12.b,stand
1976.03.12.a,fish
1976.02.03,NA
1976.01.13,fish
1976.01.11,fish
1976.01.08,spearfish
1976.01.02,spearfish
1976.00.00.b,scubadiv
1975.12.29,NA
1975.12.06,spearfish
1975.12.02,feed
1975.11.19.b,stand
1975.11.19.a,stand
1975.11.02,surf
1975.10.21,fish
1975.10.12,surf
1975.10.04,surf
1975.09.00,kayak
1975.08.17,surf
1975.08.12,float
1975.08.09,freediv
1975.08.04,swim
1975.07.30.b,NA
1975.07.30.a,scubadiv
1975.07.26.b,freediv
1975.07.26.a,surf
1975.07.23,scubadiv
1975.07.19,NA
1975.07.15,swim
1975.07.05,spearfish
1975.07.04,surf
1975.06.23.b,swim
1975.06.23.a,stand
1975.06.15,swim
1975.06.02.R,surf
1975.05.25,surf
1975.05.20,bath
1975.04.25,scubadiv
1975.04.05,spearfish
1975.03.29,swim
1975.03.16,float
1975.03.13,dive
1975.03.09,NA
1975.03.00,capsiz
1975.02.23,surf
1975.02.10,NA
1975.02.09,fish
1975.02.01,fish
1975.01.19,surf
1975.00.00.b,spearfish
1974.11.01,stand
1974.09.28,surf
1974.09.14,NA
1974.09.07,swim
1974.09.02.b,scubadiv
1974.09.02.a,scubadiv
1974.09.01,fish
1974.09.00,surf
1974.08.23,swim
1974.08.16.c,swim
1974.08.16.b,swim
1974.08.16.a,swim
1974.08.05,surf
1974.07.26,freediv
1974.07.20,swim
1974.07.02,sink
1974.06.20,swim
1974.05.26,NA
1974.04.25.R,fish
1974.04.20,spearfish
1974.04.14,stand
1974.04.12,swim
1974.04.04,surf
1974.03.21,surf
1974.03.00,fish
1974.02.13.b,swim
1974.02.13.a,swim
1974.02.00.b,fish
1974.02.00.a,fish
1974.01.13,sit
1974.01.09,dive
1974.01.07.c,swim
1974.01.07.b,swim
1974.01.07.a,swim
1974.00.00.b,spearfish
1973.12.25,spearfish
1973.12.21.b,swim
1973.12.19.R,swim
1973.12.18,swim
1973.12.00,swim
1973.11.24,surf
1973.09.29,fish
1973.09.14,spearfish
1973.09.10.R,swim
1973.09.09,spearfish
1973.08.25,surf
1973.08.16,spear
1973.06.13,swim
1973.04.04,wade
1973.03.05,spearfish
1973.03.00,spearfish
1973.02.27,swim
1973.01.21,fish
1973.01.09,surf
1973.00.00.c,scubadiv
1973.00.00.b,scubadiv
1973.00.00.a,surf
1972.12.31,tread
1972.12.26,swim
1972.12.25,bodysurf
1972.12.24,swim
1972.12.01,spearfish
1972.10.22,spearfish
1972.10.21,surf
1972.10.14.b,scubadiv
1972.10.14.a,surf
1972.10.10.R,swim
1972.09.09,surf
1972.09.04,swim
1972.08.29,surf
1972.08.17,spearfish
1972.08.08,dive
1972.07.05,dive
1972.06.10,surf
1972.05.28,freediv
1972.05.06,spearfish
1972.04.16,swim
1972.04.01.a,swim
1972.03.21,fish
1972.03.16,spearfish
1972.02.20,surf
1972.01.01.c,swim
1972.01.01.b,sit
1972.01.01.a,stand
1972.00.00.b,swim
1972.00.00.a,collect
1971.12.16,swim
1971.11.27,swim
1971.10.23,surf
1971.10.14,swim
1971.10.02,scubadiv
1971.09.25,surf
1971.09.07,swim
1971.09.05,fish
1971.08.21,scubadiv
1971.07.26,wade
1971.07.19,submerg
1971.06.30,surf
1971.06.01,scubadiv
1971.04.16R,swim
1971.04.11,swim
1971.04.06,surf
1971.04.00,NA
1971.03.30,surf
1971.01.02,swim
1971.00.00.c,surf
1970.12.17,fish
1970.12.13,fish
1970.12.07,fish
1970.12.03,NA
1970.10.24,bodysurf
1970.10.00,surf
1970.09.28,dive
1970.09.13,spearfish
1970.09.05,float
1970.09.00.c,swim
1970.09.00.a,scubadiv
1970.08.02,sink
1970.06.22,fish
1970.06.15,scubadiv
1970.06.13.b,wade
1970.06.13.a,wade
1970.06.00,capsiz
1970.04.04,swim
1970.04.00.b,freediv
1970.04.00.a,swim
1970.03.31,bodysurf
1970.03.23,wade
1970.02.05,wade
1970.01.23.d,swim
1970.01.23.c,swim
1970.01.23.b,swim
1970.01.23.a,swim
1970.01.16,NA
1970.01.10,swim
1970.01.09.R,NA
1970.01.00,freediv
1970.00.00.h,spearfish
1970.00.00.g,spearfish
1970.00.00.f,fish
1970.00.00.e,spearfish
1970.00.00.d,wash
1970.00.00.c,wash
1970.00.00.b,swim
1970.00.00.a,fish
1969.11.30,swim
1969.11.11,scubadiv
1969.10.14,dive
1969.09.06,freediv
1969.08.29,float
1969.08.22,fish
1969.08.02,surf
1969.08.01,bodysurf
1969.07.20,freediv
1969.06.27,wade
1969.06.12,dive
1969.06.00,wade
1969.05.25,fish
1969.05.24,dive
1969.05.22,surf
1969.04.22,net
1969.04.19,fish
1969.03.09,surf
1969.02.17.R,fish
1969.02.00,dive
1969.01.27,freediv
1969.00.00,NA
1968.12.29,freediv
1968.12.26,feed
1968.12.25,surf
1968.12.02,spearfish
1968.11.06,fish
1968.10.13,spearfish
1968.10.10,sink
1968.09.22,surf
1968.09.15,spearfish
1968.08.24,play
1968.08.21,stand
1968.08.13,swim
1968.08.11,NA
1968.08.08,fish
1968.07.27,freediv
1968.07.23,wade
1968.07.16,spearfish
1968.07.10,swim
1968.06.25,spearfish
1968.06.09,NA
1968.05.18,sink
1968.05.00,stand
1968.04.29,wade
1968.04.15,NA
1968.04.11.R,swim
1968.03.25,wade
1968.03.10,surf
1968.03.00,tread
1968.02.26,surf
1968.02.20,swim
1968.02.18,NA
1968.02.04,spearfish
1968.02.00,dive
1968.01.17,swim
1968.00.00.c,NA
1968.00.00.b,dive
1968.00.00.a,surf
1967.12.30,surf
1967.12.21.R,spearfish
1967.12.17,swim
1967.11.30.b,freediv
1967.11.15,freediv
1967.11.04,sink
1967.10.26.R,swim
1967.10.17,stand
1967.10.00,swim
1967.09.20,capsiz
1967.09.13,scubadiv
1967.09.07.b,dive
1967.09.07.a,spearfish
1967.09.06,spearfish
1967.09.01,spearfish
1967.08.27,NA
1967.08.25,spearfish
1967.08.19,spearfish
1967.08.15,float
1967.08.10,scubadiv
1967.08.07,spearfish
1967.08.00.b,NA
1967.08.00.a,net
1967.07.29,snorkel
1967.07.05,spearfish
1967.07.00,surf
1967.06.13,spearfish
1967.06.00,fish
1967.05.09,feed
1967.04.00,fish
1967.03.20,freediv
1967.03.19,spearfish
1967.03.12,spearfish
1967.03.10,NA
1967.03.09,NA
1967.02.06,NA
1967.01.27,fish
1967.01.22,spearfish
1967.01.21,swim
1967.01.06,NA
1966.12.31,fish
1966.12.27.b,spearfish
1966.12.27.a,spearfish
1966.12.26,wade
1966.11.00,bath
1966.10.30,swim
1966.10.29,bath
1966.09.27,freediv
1966.09.19,fish
1966.09.18,spearfish
1966.09.13,spearfish
1966.09.10,spearfish
1966.09.08.b,NA
1966.09.00,dive
1966.08.27.b,net
1966.08.27.a,snorkel
1966.08.21.b,swim
1966.08.21.a,dive
1966.08.16,swim
1966.08.14,dive
1966.08.13,NA
1966.08.00.b,spearfish
1966.08.00.a,wade
1966.07.31,NA
1966.07.19,NA
1966.07.17.b,fish
1966.07.17.a,swim
1966.07.14,swim
1966.07.03,freediv
1966.06.22,NA
1966.06.11,fish
1966.06.04,swim
1966.06.02,fish
1966.05.20.c,sink
1966.05.20.b,fish
1966.05.20.a,NA
1966.05.16.b,spearfish
1966.05.16.a,sink
1966.04.08,swim
1966.04.00,NA
1966.03.20,fish
1966.03.12,NA
1966.02.27,tread
1966.01.29,NA
1966.01.25,NA
1966.01.22,spearfish
1966.01.15,spearfish
1966.01.14,NA
1966.01.11,stand
1966.01.10,jump
1966.01.09,bodysurf
1966.01.08,bodysurf
1966.01.05,swim
1966.00.00,walk
1965.12.28,spearfish
1965.12.19,freediv
1965.12.10,fish
1965.11.21.b,fish
1965.11.21.a,NA
1965.11.03.b,NA
1965.11.03.a,surf
1965.10.21,sink
1965.10.16.b,NA
1965.10.16.a,play
1965.10.10,spearfish
1965.10.00,wade
1965.09.21,spear
1965.09.12,fish
1965.08.30,NA
1965.08.26,swim
1965.07.30,NA
1965.07.26,bath
1965.06.19,wade
1965.06.18,NA
1965.06.09,swim
1965.06.00.b,spearfish
1965.06.00,tread
1965.05.29,swim
1965.05.28,swim
1965.05.00.c,stand
1965.05.00.b,dive
1965.05.00.a,swim
1965.04.25,surf
1965.04.10,spearfish
1965.04.04.b,walk
1965.04.04.a,paddl
1965.03.23,NA
1965.03.14,freediv
1965.02.14,tread
1965.02.04,scubadiv
1965.01.25,NA
1965.01.23,paddl
1965.01.16,bodysurf
1965.01.10,swim
1965.01.09,freediv
1965.00.00.g,NA
1965.00.00.f,surf
1965.00.00.e,collect
1965.00.00.d,stand
1965.00.00.c,spearfish
1965.00.00.a,NA
1964.12.25,swim
1964.12.10.a,fish
1964.12.09,NA
1964.12.06,fish
1964.11.29,freediv
1964.11.18,NA
1964.11.13,carri
1964.11.05,fish
1964.10.31,fish
1964.10.25,sink
1964.10.04,NA
1964.09.27,spearfish
1964.09.20,swim
1964.09.07,swim
1964.08.26,swim
1964.08.23,float
1964.08.22,spearfish
1964.08.21,swim
1964.08.08,spearfish
1964.08.03,swim
1964.08.00,NA
1964.07.16,NA
1964.07.08.b,spearfish
1964.07.15,NA
1964.07.08.a,NA
1964.07.00.b,fish
1964.07.00.a,kayak
1964.06.29.a,NA
1964.06.28,swim
1964.06.24,fish
1964.06.23,spearfish
1964.06.17,fish
1964.06.02,swim
1964.05.30,stand
1964.05.08,spearfish
1964.05.00,dive
1964.04.07,fish
1964.03.28.b,surf
1964.03.28.a,NA
1964.03.05,dive
1964.03.00,freediv
1964.02.17.R,fish
1964.02.14.b,dive
1964.02.14.a,spearfish
1964.02.11,dive
1964.02.10,spearfish
1964.02.08,boogieboard
1964.02.05.b,NA
1964.02.05.a,swim
1964.02.02,swim
1964.02.01,row
1964.02.00.b,float
1964.02.00.a,swim
1964.01.27,spearfish
1964.01.23,bodysurf
1964.01.22,stand
1964.01.21,NA
1964.01.18,freediv
1964.01.11,spearfish
1964.01.06.R,fish
1964.01.04,swim
1964.01.01.a,dive
1964.01.00,snorkel
1963.12.29,stand
1963.12.26.b,swim
1963.12.26.a,sit
1963.12.25,swim
1963.12.22.b,caught
1963.12.22.a,NA
1963.12.21,fish
1963.12.20.b,spearfish
1963.12.20.a,NA
1963.12.08,spearfish
1963.12.04.R,spearfish
1963.11.30.b,capsiz
1963.11.30.a,fish
1963.11.28,fish
1963.11.25,spear
1963.11.16.R,spearfish
1963.11.14,NA
1963.11.12,NA
1963.11.05.R,wade
1963.11.04,fish
1963.10.16,fish
1963.10.15,fish
1963.09.29,spearfish
1963.09.26,fish
1963.09.22,spear
1963.09.13,surf
1963.09.10,spearfish
1963.08.00,NA
1963.07.28,spearfish
1963.07.15,bath
1963.07.11,fish
1963.07.10.R,fish
1963.07.00,stand
1963.06.01.b,swim
1963.06.01.a,fish
1963.05.18,swim
1963.05.14,capsiz
1963.04.22,fish
1963.04.20,swim
1963.04.17,swim
1963.04.13,surf
1963.04.12,surf
1963.04.08,wash
1963.03.30,NA
1963.02.27,swim
1963.02.24,spearfish
1963.02.08,spearfish
1963.02.04,NA
1963.01.30,freediv
1963.01.28,wade
1963.01.26,swim
1963.01.22,fish
1963.01.14,fish
1963.01.12,fish
1963.01.11,NA
1963.01.06,spearfish
1963.01.04,fish
1963.00.00.a,fish
1962.12.30,scubadiv
1962.12.09,spearfish
1962.12.00,fish
1962.11.29,spearfish
1962.11.11,spearfish
1962.11.10,fish
1962.11.00,NA
1962.10.28,spearfish
1962.10.25,wade
1962.10.14,NA
1962.10.06,fish
1962.10.00,sit
1962.09.30,spearfish
1962.09.22,swim
1962.09.13,dive
1962.09.02,spearfish
1962.08.31.R,fish
1962.08.30.a,fish
1962.08.29,dive
1962.08.23,fish
1962.08.19,fish
1962.08.12,stand
1962.08.01,spearfish
1962.08.00.b,dive
1962.08.00.a,net
1962.07.28,stand
1962.07.20,NA
1962.07.19,fish
1962.07.10,play
1962.07.07,dive
1962.06.25,NA
1962.06.21,NA
1962.06.17,NA
1962.06.11.b,NA
1962.06.11.a,NA
1962.06.10.b,wash
1962.06.10.a,stand
1962.06.07,fish
1962.06.04,scubadiv
1962.06.03,freediv
1962.05.12,sink
1962.05.00.R,fish
1962.04.20,fish
1962.04.09,swim
1962.04.07,wade
1962.04.05,fish
1962.03.25.a,fish
1962.03.24,swim
1962.02.23,swim
1962.02.18,swim
1962.02.15,fish
1962.02.07,swim
1962.02.05,tread
1962.02.04,swim
1962.02.02,fish
1962.02.00,NA
1962.01.27,NA
1962.01.21,spearfish
1962.01.18,fish
1962.01.16,fish
1962.01.15,spearfish
1962.01.14.c,spearfish
1962.01.14.b,spearfish
1962.01.14.a,surf
1962.01.11.c,fish
1962.01.11.b,spearfish
1962.01.11.a,fish
1962.01.10,fish
1962.01.08,swim
1962.01.07.b,row
1962.01.07.a,surf
1962.01.06,fish
1962.01.02,fish
1962.01.01,fish
1962.00.00.c,NA
1962.00.00.a,dive
1961.12.28.c,stand
1961.12.28.b,stand
1961.12.28.a,tread
1961.12.27,spearfish
1961.12.19,fish
1961.12.18.b,bath
1961.12.18.a,surf
1961.12.13,swim
1961.10.27,NA
1961.10.09,swim
1961.10.00.b,paddl
1961.09.24.b,swim
1961.09.24.a,fish
1961.09.23,fall
1961.09.07,freediv
1961.09.02.R,fish
1961.09.06,NA
1961.08.20,swim
1961.08.16,wade
1961.08.04,spearfish
1961.08.02,fish
1961.08.01,fish
1961.07.29,spearfish
1961.07.16,swim
1961.07.07.b,fish
1961.07.00.b,spearfish
1961.07.00.a,fish
1961.06.24,spearfish
1961.06.18,stand
1961.06.06.R,spearfish
1961.06.02,spearfish
1961.06.01,fish
1961.05.21,freediv
1961.05.17,collect
1961.05.15,walk
1961.05.07,spearfish
1961.04.30,NA
1961.04.25,spearfish
1961.04.21,swim
1961.04.17,dive
1961.04.16.b,spearfish
1961.04.16.a,spearfish
1961.04.14,fall
1961.04.09,swim
1961.04.08,sink
1961.04.03,spearfish
1961.04.00,spearfish
1961.03.30,spearfish
1961.03.18,swim
1961.03.14,fish
1961.03.12,spearfish
1961.03.09,freediv
1961.03.07,fish
1961.03.00,float
1961.02.17.b,NA
1961.02.17.a,stand
1961.02.12,spearfish
1961.02.01.b,swim
1961.02.01.a,collect
1961.01.25,fish
1961.01.22,swim
1961.01.06.c,stand
1961.01.15,collect
1961.01.06.b,NA
1961.01.06.a,fish
1961.01.05,swim
1961.01.03.b,stand
1961.01.02.R,NA
1961.01.01,swim
1961.00.00.e,fish
1961.00.00.d,spearfish
1961.00.00.b,freediv
1961.00.00.a,NA
1960.12.27.b,fish
1960.12.24,swim
1960.12.20,fish
1960.12.01,fish
1960.11.27,swim
1960.11.22,fall
1960.11.11,bath
1960.11.06,spearfish
1960.11.00.d,NA
1960.11.00.b,fish
1960.10.25,NA
1960.10.24,fish
1960.10.02,fish
1960.10.00.e,collect
1960.10.00.d,NA
1960.10.00.c,dive
1960.10.00.b,fish
1960.10.00.a,NA
1960.09.24,fish
1960.09.22,NA
1960.09.02,spearfish
1960.09.01,spearfish
1960.08.30,swim
1960.08.29,NA
1960.08.25,NA
1960.08.24,freediv
1960.08.22.R.,freediv
1960.08.21,stand
1960.08.14,capsiz
1960.08.10,NA
1960.08.04.b,NA
1960.08.04.a,fish
1960.08.00,swim
1960.07.27,spearfish
1960.07.05,NA
1960.07.03,fish
1960.07.02.a,fish
1960.06.29,fish
1960.06.27.b,fish
1960.06.27.a,fish
1960.06.24,scubadiv
1960.06.07,NA
1960.06.05,dive
1960.06.04,swim
1960.05.29,spearfish
1960.05.24,freediv
1960.05.19,swim
1960.04.30,tread
1960.04.24,dive
1960.04.22,fish
1960.04.20.R,fish
1960.04.14,float
1960.04.12,surf
1960.04.10,spearfish
1960.04.03.b,spearfish
1960.04.03.a,spear
1960.04.01,fish
1960.04.00.c,fish
1960.04.00.b,fish
1960.04.00.a,fish
1960.03.31,tread
1960.03.28,spearfish
1960.02.29,fish
1960.02.27.b,spearfish
1960.02.27.a,spearfish
1960.02.24,fish
1960.02.19,spearfish
1960.02.10.,fish
1960.02.07,spearfish
1960.02.03,NA
1960.01.26,NA
1960.01.16,freediv
1960.01.13,fish
1960.01.07,NA
1960.01.01,stand
1960.00.00.j,bath
1960.00.00.i,spearfish
1960.00.00.h,NA
1960.00.00.g,spearfish
1960.00.00.f,collect
1960.00.00.e,spearfish
1960.00.00.d,spearfish
1960.00.00.c,fish
1960.00.00.b,swim
1960.00.00.a,wade
1959.12.29,paddl
1959.12.28,fish
1959.12.26,swim
1959.12.19.b,dive
1959.12.19.a,sink
1959.12.11,spearfish
1959.12.07,spearfish
1959.12.03,fish
1959.12.00,NA
1959.11.29,bodysurf
1959.11.28,stand
1959.11.22,NA
1959.11.16,NA
1959.11.15,fish
1959.11.12.R,fish
1959.11.10,NA
1959.11.09,spearfish
1959.11.01,fish
1959.10.07,swim
1959.10.04,dive
1959.10.02,dive
1959.10.00,spearfish
1959.09.30,swim
1959.09.26.b,capsiz
1959.09.26.a,NA
1959.09.11,NA
1959.09.02,NA
1959.08.31.R,fish
1959.08.30,swim
1959.08.20,capsiz
1959.08.15.b,dive
1959.08.15.a,spearfish
1959.08.14.b,fish
1959.08.14.a,fish
1959.08.13,spearfish
1959.08.12,fish
1959.08.11,swim
1959.08.10,stand
1959.08.05,wade
1959.08.02,scubadiv
1959.07.30,NA
1959.07.28,spearfish
1959.07.23.b,fish
1959.07.23.a,NA
1959.07.03.a & b,sink
1959.07.02,freediv
1959.07.00.a,wade
1959.06.14.b,NA
1959.06.14.a,freediv
1959.06.13,swim
1959.05.30,spearfish
1959.05.07,tread
1959.05.03,spearfish
1959.05.00,overboard
1959.04.27,spearfish
1959.04.11,dive
1959.04.09.b,fish
1959.04.09..a,fish
1959.04.05,spearfish
1959.03.29,swim
1959.03.08,capsiz
1959.03.00,dive
1959.02.28,fish
1959.02.27,fall
1959.02.06,fish
1959.02.02,bath
1959.02.01,tread
1959.01.31,NA
1959.01.27,overboard
1959.01.25,swim
1959.01.17.b,NA
1959.01.17.a,surf
1959.01.15,swim
1959.01.12,NA
1959.01.02,NA
1959.01.00,spearfish
1959.00.00.g,swim
1959.00.00.e,paddl
1959.00.00.d,spearfish
1959.00.00.c,fish
1959.00.00.a,fish
1958.12.28,fish
1958.12.23,swim
1958.12.13,surf
1958.12.12,NA
1958.11.23,swim
1958.11.14,fish
1958.11.07.R,spearfish
1958.11.05,fish
1958.10.12,swim
1958.10.00.b,swim
1958.10.00.a,collect
1958.09.13,NA
1958.09.06,fish
1958.09.01,spearfish
1958.08.31,NA
1958.08.01,swim
1958.07.31.R,swim
1958.07.27.b,swim
1958.07.27.a,swim
1958.07.08,swim
1958.07.04.b,rescu
1958.07.04.a,rescu
1958.07.02,freediv
1958.07.01,swim
1958.07.00.b,spearfish
1958.06.26,wade
1958.06.24,walk
1958.06.17,swim
1958.06.15,swim
1958.06.02.R,spearfish
1958.04.30,freediv
1958.04.19,dive
1958.04.05,paddl
1958.04.03,swim
1958.04.00,fish
1958.02.19,spearfish
1958.02.01,spearfish
1958.01.27,NA
1958.01.19,bodysurf
1958.01.09,swim
1958.00.00.j,spearfish
1958.00.00.i,NA
1958.00.00.h,dive
1958.00.00.e,spearfish
1958.00.00.d,spearfish
1958.00.00.c,fish
1958.00.00.b,fish
1958.00.00.a,fish
1957.12.31,spearfish
1957.12.30,stand
1957.12.26,dive
1957.12.23,float
1957.12.20,stand
1957.12.18,bodysurf
1957.11.08,NA
1957.11.04.R,fish
1957.08.00,NA
1957.07.24,spearfish
1957.07.15,swim
1957.07.09,dive
1957.06.21,sink
1957.05.11,spearfish
1957.05.07,fish
1957.05.00,NA
1957.04.28,swim
1957.04.23,surf
1957.04.22,stand
1957.04.13,swim
1957.04.07.b,dive
1957.04.07.a,dive
1957.02.24,spearfish
1957.02.05,float
1957.02.00,dive
1957.01.05,wade
1957.00.00.j,bath
1957.00.00.k,fish
1957.00.00.h,fish
1957.00.00.g,fish
1957.00.00.f,dive
1957.00.00.e,fish
1957.00.00.b,fish
1957.00.00.a,NA
1956.12.26,spearfish
1956.12.24,spearfish
1956.12.15.R,swim
1956.12.09,fish
1956.10.27,freediv
1956.10.20,spearfish
1956.10.07,NA
1956.10.00,fish
1956.09.23,fish
1956.09.13,NA
1956.09.00.b,fish
1956.09.00.a,scubadiv
1956.08.25,fish
1956.08.20,fish
1956.08.15.R,dive
1956.08.15.b,dive
1956.08.15.a,swim
1956.08.01,freediv
1956.08.00.e,NA
1956.08.00.d,NA
1956.08.00.c,fish
1956.08.00.b,fish
1956.08.00.a,fish
1956.07.28,float
1956.07.26,fish
1956.07.20,swim
1956.07.17,wade
1956.07.12,swim
1956.06.28,fish
1956.06.27.R,fish
1956.06.20,NA
1956.05.26.R,fish
1956.05.07,NA
1956.05.00,dive
1956.03.25,boat
1956.03.11,bath
1956.03.04,swim
1956.03.00.b,NA
1956.02.26,dive
1956.02.10.R,swim
1956.01.16.R,dive
1956.01.16,swim
1956.01.05,kayak
1956.00.00.h,dive
1956.00.00.g,NA
1956.00.00.f,swim
1956.00.00.e,remov
1956.00.00.d,swim
1955.12.31,NA
1955.12.11,fish
1955.11.16,swim
1955.11.00,spearfish
1955.10.16,spearfish
1955.09.23.b,NA
1955.09.23.a,NA
1955.09.20,NA
1955.09.04,swim
1955.08.30.b,fish
1955.08.30.a,surf
1955.08.26,swim
1955.08.08,swim
1955.08.04.R,fish
1955.08.00.c,tread
1955.08.00.a,fish
1955.07.23,wade
1955.07.15,swim
1955.07.07,swim
1955.05.08,spearfish
1955.05.00,spearfish
1955.04.13.R,fish
1955.04.12,spearfish
1955.04.00,fish
1955.03.09,bodysurf
1955.03.00.b,NA
1955.03.00.a,stand
1955.02.10,scubadiv
1955.02.05,swim
1955.02.06,spearfish
1955.02.04,fish
1955.02.01.,row
1955.02.00,row
1955.01.17,NA
1955.01.15,NA
1955.00.00.e,stand
1955.00.00.d,fish
1955.00.00.c,swim
1955.00.00.b,spearfish
1954.12.29,NA
1954.12.11,swim
1954.12.09,swim
1954.12.04,swim
1954.11.20,spearfish
1954.10.07.R,fish
1954.10.07,sink
1954.10.02.b,boat
1954.09.21,swim
1954.09.15,swim
1954.09.04,spearfish
1954.08.19,spearfish
1954.08.12.b,spearfish
1954.08.12.a,spearfish
1954.07.30,fish
1954.07.28,dive
1954.07.27,fish
1954.07.15,swim
1954.07.03,swim
1954.07.02.R,swim
1954.06.29,NA
1954.06.27,dive
1954.06.00,bath
1954.05.26.R,fish
1954.04.08,fish
1954.04.00,spearfish
1954.02.27,swim
1954.01.30,swim
1954.01.22.b,spearfish
1954.01.22.a,float
1954.01.15,NA
1954.00.00.c,freediv
1954.00.00.b,fish
1954.00.00.a,swim
1953.12.30,swim
1953.12.22,swim
1953.12.13,NA
1953.12.00,kayak
1953.09.20.R,scubadiv
1953.09.18,NA
1953.09.03.R,fish
1953.09.02,NA
1953.08.00,freediv
1953.07.31,wade
1953.07.26,spearfish
1953.07.16,fish
1953.07.15,stand
1953.07.11,NA
1953.07.09,fish
1953.07.04,overboard
1953.07.00,overboard
1953.06.00,NA
1953.04.04,swim
1953.04.00.a,swim
1953.03.22,spearfish
1953.03.19.R,spearfish
1953.03.00.c,NA
1953.03.00.a,NA
1953.02.18,NA
1953.02.15,spearfish
1953.02.00,spearfish
1952.12.24,NA
1952.12.21,fish
1953.01.20,fish
1953.01.08,fish
1953.00.00.c,spearfish
1953.00.00.b,wash
1953.00.00.a,stand
1952.12.14,NA
1952.12.07,bodysurf
1952.12.03,NA
1952.10.12,fish
1952.08.05,fish
1952.08.04,fish
1952.08.03,swim
1952.07.27.d,fish
1952.07.27.c,fish
1952.07.27.b,fish
1952.07.27.a,NA
1952.07.13,fish
1952.07.05,spearfish
1952.05.27,swim
1952.05.07.R,fish
1952.05.00,fish
1952.04.06,fish
1952.04.00,spearfish
1952.03.30,NA
1952.01.23,spearfish
1952.01.07,surf
1952.00.00.e,dive
1952.00.00.d,spearfish
1952.00.00.c,spearfish
1952.00.00.b,spearfish
1952.00.00.a,swim
1951.12.21,swim
1951.12.16,spearfish
1951.12.06,tread
1951.11.29,swim
1951.11.28.b,fish
1951.11.28.a,tread
1951.11.23.R,NA
1951.10.22,swim
1951.10.05,sink
1951.09.29,swim
1951.09.03.R,fish
1951.09.02-R,NA
1951.08.17.b,swim
1951.08.17.a,swim
1951.08.16.R,dive
1951.08.00,bath
1951.07.11,fall
1951.06.25,fish
1951.06.00,spearfish
1951.05.22,freediv
1951.03.26,fall
1951.03.24,fish
1951.03.15,bodysurf
1951.02.19,bodysurf
1951.02.03,spearfish
1951.02.01,swim
1951.01.21,swim
1950.12.31,paddl
1950.12.19.R,swim
1950.12.16,tread
1950.11.29,dive
1950.11.25,bodysurf
1950.11.12,paddl
1950.10.08,bodysurf
1950.10.04,fish
1950.08.06,fish
1950.08.00,dive
1950.07.27.R,fish
1950.07.21,swim
1950.07.19,fish
1950.07.14,NA
1950.07.10,swim
1950.07.00,dive
1950.06.25,swim
1950.06.06,carri
1950.05.24,tread
1950.05.01,fish
1950.04.09.b,fish
1950.04.09.a,fish
1950.03.26,wade
1950.03.08,NA
1950.03.01,NA
1950.02.18.R,spearfish
1950.02.11,bodysurf
1950.01.16,fish
1950.01.12.R,swim
1950.00.00.m,sit
1950.00.00.l,fish
1950.00.00.k,spearfish
1950.00.00.j,NA
1950.00.00.i,NA
1950.00.00.h,stand
1950.00.00.g,spearfish
1950.00.00.f,bath
1950.00.00.e,swim
1950.00.00.d,dive
1950.00.00.c,spearfish
1950.00.00.b,collect
1949.12.00.b,sink
1949.12.00.a,NA
1949.11.20,wade
1949.11.12,NA
1949.08.28.b,swim
1949.08.28.a,swim
1949.08.17,swim
1949.08.16,swim
1949.08.10.R,swim
1949.07.29,swim
1949.07.28,swim
1949.07.25,float
1949.07.16,fish
1949.06.13,fish
1949.05.16,bath
1949.05.13,net
1949.04.18,fish
1949.04.17,bath
1949.04.13,bath
1949.01.23,NA
1949.01.14,surf
1949.01.13,kayak
1949.00.00.g,fish
1949.00.00.c,spearfish
1949.00.00.b,swim
1949.00.00.a,swim
1948.12.27,swim
1948.12.26,tread
1948.12.14.a,fall
1948.12.10,fish
1948.12.05,NA
1948.11.18,dive
1948.09.22,swim
1948.09.19.b,swim
1948.09.19.a,fish
1948.09.17.R,swim
1948.09.15,NA
1948.09.02,bath
1948.08.03,swim
1948.08.00,spear
1948.07.01,swim
1948.06.06.R,swim
1948.05.10,fish
1948.04.10,NA
1948.03.00,spearfish
1948.02.13,carri
1948.02.12,swim
1948.01.25,kayak
1948.00.00.d,NA
1948.00.00.c,fish
1948.00.00.b,spearfish
1948.00.00.a,fish
1947.12.21,fish
1947.12.00,fish
1947.11.23,fish
1947.11.14.b,fish
1947.11.14.a,fish
1947.11.08.b,swim
1947.11.08.a,swim
1947.10.28,fish
1947.10.10,swim
1947.08.04,swim
1947.07.27.R,fish
1947.07.24.R,dive
1947.07.15,swim
1947.07.00,overboard
1947.06.27,fish
1947.06.16,fish
1947.05.13.R,swim
1947.04.20,tread
1947.04.11,bodysurf
1947.04.06,surf
1947.04.00,NA
1947.03.12,wade
1947.03.09,tread
1947.02.23,fish
1947.02.06.R,NA
1947.02.00,bath
1947.01.14,row
1947.01.05,tread
1946.12.28,swim
1946.11.20,dive
1946.10.26.R,fish
1946.10.14,swim
1946.08.24,fish
1946.08.18,swim
1946.07.18.b,fish
1946.07.18.a,swim
1946.06.28,bath
1946.05.09,swim
1946.04.19,swim
1946.04.00,fish
1946.03.20,fish
1946.02.16,tread
1946.02.10.b,stand
1946.02.10.a,swim
1946.01.24.b,tread
1946.01.24.a,swim
1946.01.07,jump
1946.01.05,swim
1946.01.01,bodysurf
1946.00.00.a,NA
1945.09.23,bath
1945.09.19,swim
1945.09.16,swim
1945.09.06,swim
1945.07.30,sink
1945.07.00,submerg
1945.06.15,swim
1945.05.08,swim
1945.03.06,walk
1945.02.05,swim
1945.00.00.d,dive
1945.00.00.c,fall
1945.00.00.b,bath
1945.00.00.a,swim
1944.12.18,swim
1944.12.02,fish
1944.11.01,swim
1944.10.26.b,sink
1944.10.26.a,sink
1944.10.25.b,NA
1944.10.25.a,NA
1944.10.24,NA
1944.10.23.R,fish
1944.09.03,swim
1944.09.00,fall
1944.08.20,swim
1944.07.22,swim
1944.05.31,bath
1944.05.04,overboard
1944.03.26.b,tread
1944.03.26.a,stand
1944.03.14,tread
1944.02.27,tread
1944.02.18,bath
1944.01.20,bodysurf
1944.01.16,fish
1944.01.14,surf
1944.01.04,swim
1944.00.00.c,NA
1944.00.00.b,NA
1944.00.00.a,fall
1943.12.12,tread
1943.12.04,sink
1943.11.21,swim
1943.11.11,NA
1943.09.23,dive
1943.08.00,swim
1943.07.18,tread
1943.07.00.b,fish
1943.07.00.a,swim
1943.06.16,fish
1943.05.27,NA
1943.05.17.b,NA
1943.05.17.a,NA
1943.05.14,sink
1943.05.01.R,NA
1943.04.05,NA
1943.03.21,swim
1943.03.14,sink
1943.03.02.b,sink
1943.03.02.a,NA
1943.01.26,sink
1943.00.00.f,swim
1943.00.00.d,swim
1943.00.00.e,swim
1943.00.00.c,spearfish
1943.00.00.b,spearfish
1942.12.26,stand
1942.11.28,sink
1942.11.25,swim
1942.11.21,sink
1942.11.16,NA
1942.11.13.c,swim
1942.11.13.b,sink
1942.11.01,swim
1942.11.00.b,NA
1942.11.00.a,sink
1942.10.12,sink
1942.09.30,NA
1942.09.12.b,swim
1942.09.12.a,tread
1942.09.11,NA
1942.08.08,rescu
1942.07.12,sink
1942.07.06,NA
1942.06.11.R,sink
1942.06.08.R,capsiz
1942.06.04,NA
1942.06.00,NA
1942.05.09,dive
1942.04.05,sink
1942.03.08,NA
1942.01.04,swim
1942.01.00,kayak
1942.00.00.k,NA
1942.00.00.j,fish
1942.00.00.i,NA
1942.00.00.f,swim
1942.00.00.e,overboard
1942.00.00.d,NA
1942.00.00.c,NA
1942.00.00.b,NA
1942.00.00.a,swim
1941.12.07,NA
1941.12.03,swim
1941.11.27.b,sink
1941.11.27.a,sink
1941.11.24,sink
1941.11.19,sink
1941.09.25,NA
1941.08.21.R,fish
1941.08.05,swim
1941.08.01,swim
1941.07.22,fish
1941.07.01,fish
1941.06.15,fish
1941.06.00,swim
1941.03.24,sink
1941.03.09,fish
1941.02.13.,fish
1941.02.01,net
1941.01.29,sink
1941.01.00,sink
1941.00.00.h,float
1941.00.00.f,stand
1941.00.00.c,fall
1941.00.00.b,stand
1940.12.28,stand
1940.12.20,swim
1940.12.19.R,fish
1940.12.10,collect
1940.09.00,bath
1940.07.13.b,stand
1940.07.13.a,stand
1940.06.30,fish
1940.03.31,tread
1940.03.20,freediv
1940.02.22,swim
1940.02.20,kayak
1940.02.04,wade
1940.01.29,dive
1940.01.23,swim
1940.01.15,swim
1940.01.07,swim
1940.01.01,dive
1940.00.00.f,boat
1940.00.00.d,NA
1940.00.00.c,swim
1940.00.00.a,stand
1939.12.28,swim
1939.12.14,swim
1939.11.02.R,fish
1939.10.25.R,NA
1939.10.04,spearfish
1939.09.27.R,dive
1939.08.01,fish
1939.07.18,sink
1939.07.16,dive
1939.07.14,net
1939.05.03,wash
1939.04.12.R,dive
1939.03.24,dive
1939.02.26,fish
1939.01.12,NA
1939.00.00.e,NA
1939.00.00.d,fish
1939.00.00.c,bath
1939.00.00.b,dive
1939.00.00.a,swim
1938.12.27,swim
1938.10.05,fish
1938.08.29,swim
1938.08.18,fish
1938.07.18,swim
1938.07.17.R,fish
1938.07.17,fish
1938.07.12,dive
1938.06.17,NA
1938.06.08,dive
1938.05.26,fish
1938.05.15,swim
1938.05.02.R,bath
1938.03.21.R,wade
1938.03.08,capsiz
1938.01.21,fish
1938.01.18,net
1938.01.14,dive
1938.01.02,kayak
1938.00.00.e.R,dive
1938.00.00.d,bodysurf
1938.00.00.c,fish
1938.00.00.b,dive
1938.00.00.a,swim
1937.11.13,NA
1937.11.11,dive
1937.11.06.R,fall
1937.10.27.b,swim
1937.10.27.a,swim
1937.10.24.c,swim
1937.10.24.a,kayak
1937.09.26.R,fish
1937.09.12,boat
1937.09.11,fish
1937.09.01,row
1937.08.31,dive
1937.08.16,swim
1937.08.02,swim
1937.07.16.R,dive
1937.06.15.b,fish
1937.06.15,swim
1937.05.30,fish
1937.05.15,swim
1937.03.26,bath
1937.03.09,swim
1937.02.13,swim
1937.02.11,NA
1937.02.04,fish
1937.02.03,fish
1937.02.02,capsiz
1937.01.27,NA
1936.12.30,NA
1936.12.19,NA
1936.12.15,fish
1936.12.12,swim
1936.12.01,fish
1936.11.27,spearfish
1936.09.04,swim
1936.08.24,dive
1936.08.11,fish
1936.08.04,dive
1936.08.00,fish
1936.07.25,swim
1936.07.12,fish
1936.07.07,dive
1936.07.00,fish
1936.06.26,NA
1936.06.06,swim
1936.04.22,dive
1936.04.08,dive
1936.03.30,fish
1936.03.22,row
1936.03.19,dive
1936.03.04.,row
1936.02.23,NA
1936.02.20..R,NA
1936.02.04,swim
1936.01.22,swim
1936.01.05,surf
1936.01.00,kayak
1936.00.00,swim
1935.12.23,NA
1935.11.13,dive
1935.09.21,swim
1935.09.04.R,swim
1935.08.26,fall
1935.08.24,fish
1935.08.13,dive
1935.07.27.b,fish
1935.07.27.a,fish
1935.07.05,fish
1935.07.01,swim
1935.06.18,fish
1935.06.05.R,fish
1935.05.19,NA
1935.05.12,dive
1935.04.25,NA
1935.04.12.R,dive
1935.03.30,dive
1935.03.25.R,NA
1935.03.20,dive
1935.03.13,NA
1935.03.11,surf
1935.03.09,swim
1935.03.02,stand
1935.02.14,surf
1935.01.24.b,fish
1935.01.24.a,fish
1934.12.31.b,NA
1934.12.31.a,swim
1934.12.23.b,dive
1934.12.23.a,swim
1934.10.09,bath
1934.10.08,fish
1934.10.02,freediv
1934.09.08,fish
1934.08.27,fish
1934.08.26.R,swim
1934.08.26,dive
1934.08.21,swim
1934.08.05,swim
1934.07.11,fish
1934.06.21,fish
1934.06.20,stand
1934.04.15,bodysurf
1934.04.01.c,swim
1934.04.01.b,swim
1934.04.01.a,swim
1934.03.12,swim
1934.03.00,fish
1934.02.24,NA
1934.02.22,fall
1934.01.08.R,fish
1934.01.27,swim
1934.01.07,swim
1933.11.20,freediv
1933.11.18,dive
1933.10.25.R,dive
1933.09.27.R,fish
1933.08.28.a,bath
1933.08.26.R,swim
1933.08.28.b,fish
1933.07.03,dive
1933.06.21,sit
1933.06.16,stand
1933.06.13,fish
1933.06.08.R,tread
1933.05.24,capsiz
1933.05.23,fish
1933.05.03,NA
1933.04.10,swim
1933.02.26,stand
1933.02.15.R,dive
1933.02.12,fish
1933.01.04,swim
1932.12.09.R,fish
1932.11.09,NA
1932.10.31,swim
1932.10.11,swim
1932.09.26.R,NA
1932.08.10,fish
1932.08.09,dive
1932.08.06,stand
1932.07.02,fish
1932.06.28,fish
1932.06.26,fish
1932.06.20,freediv
1932.05.12,dive
1932.05.00,dive
1932.04.16.b,stand
1932.04.16.a,stand
1932.02.16,swim
1932.02.13,fish
1932.02.08,NA
1932.01.27,swim
1932.01.11,fish
1932.01.06,fish
1932.00.00,collect
1931.11.26,dive
1931.09.27,dive
1931.09.21.b,swim
1931.09.21.a,swim
1931.09.02,fish
1931.08.31,swim
1931.08.27,fish
1931.08.25,swim
1931.08.23,swim
1931.08.18,swim
1931.08.06.R,swim
1931.08.01,fall
1931.07.28.R,swim
1931.07.15,swim
1931.06.14,fish
1931.06.13,NA
1931.06.04.R,NA
1931.04.27.R,fish
1931.03.22,fish
1931.03.15,fish
1931.03.06,fish
1931.02.10,swim
1931.01.14,dive
1931.01.07,swim
1931.00.00.b,NA
1930.12.25,swim
1930.12.13,fall
1930.12.02,fish
1930.11.30,fish
1930.09.26.R,swim
1930.08.31,fish
1930.08.16,swim
1930.08.06,swim
1930.07.19,swim
1930.07.11,swim
1930.05.27,NA
1930.05.11.R,fish
1930.05.11,NA
1930.03.07.R,dive
1930.02.20,dive
1930.02.15,dive
1930.02.03.R,remov
1930.01.22,fish
1930.01.16,swim
1930.01.00,NA
1930.00.00.a,swim
1929.12.26,dive
1929.12.21,dive
1929.12.16,bath
1929.12.13,dive
1929.11.29,NA
1929.11.21,fish
1929.10.20,dive
1929.10.02,fish
1929.09.01,fall
1929.08.05,bath
1929.07.29,swim
1929.06.23,fish
1929.05.31,dive
1929.04.26.R,dive
1929.04.17.R,dive
1929.04.11,stand
1929.04.04,swim
1929.03.16,swim
1929.03.12,bath
1929.03.04.b,NA
1929.03.04.a,NA
1929.02.18,bodysurf
1929.02.09,kayak
1929.02.08,swim
1929.01.27,swim
1929.01.14,bath
1929.01.12,bodysurf
1929.01.06.R,fish
1929.01.05,dive
1929.00.00.e.R,swim
1929.00.00.d,wade
1929.00.00.c,fish
1929.00.00.a,dive
1928.12.21,dive
1928.11.18,fish
1928.11.12,sink
1928.11.04,swim
1928.09.00,fish
1928.07.11,dive
1928.07.00,boat
1928.06.24.R,swim
1928.04.14.R,fish
1928.04.14,tread
1928.04.09,dive
1928.04.06,bath
1928.04.04,stand
1928.02.20,dive
1928.02.00.b,swim
1928.02.00.a,swim
1928.01.27,NA
1928.01.21.b,swim
1928.01.21.a,NA
1928.01.00,bodysurf
1928.00.00,stand
1927.12.28,swim
1927.11.03,NA
1927.10.25,sink
1927.10.12,NA
1927.10.00,stand
1927.05.29,NA
1927.05.09.R,walk
1927.04.10,dive
1927.04.08,dive
1927.03.01,bodysurf
1927.02.14,NA
1927.02.09,rescu
1927.02.00,fish
1927.01.20,bodysurf
1927.01.08.R,swim
1927.01.03,swim
1927.00.00.b,swim
1927.00.00.a,dive
1926.12.02.R,dive
1926.11.17,dive
1926.10.29.R,jump
1926.10.23.b,bath
1926.10.23.a,NA
1926.09.06.R,jump
1926.08.24,swim
1926.07.23,swim
1926.07.12,fish
1926.07.08,swim
1926.07.03,bath
1926.05.18,swim
1926.04.22,fall
1926.04.07,swim
1926.03.17,swim
1926.01.26,swim
1926.00.00.c,NA
1926.00.00.b,dive
1926.00.00.a,swim
1925.11.22,float
1925.09.04,fish
1925.09.03,fish
1925.08.02,swim
1925.03.27,bath
1925.03.12,swim
1925.03.10,swim
1925.01.27.R,swim
1925.01.08,dive
1925.00.00,dive
1924.11.25,overboard
1924.11.24,fall
1924.11.21,bath
1924.10.31.R,dive
1924.10.18,bath
1924.07.31,stand
1924.07.14,fish
1924.07.04,fish
1924.06.18,remov
1924.04.25,NA
1924.04.22,fall
1924.04.20,swim
1924.03.28.R,swim
1924.03.00,fish
1924.02.13,bath
1924.02.08,bath
1924.01.29,swim
1924.01.25,swim
1924.01.19,NA
1923.12.12,swim
1923.12.02,fish
1923.11.23,NA
1923.11.02,fish
1923.10.20,sail
1923.10.17,fish
1923.10.16,dive
1923.08.08,fish
1923.07.02.R,dive
1923.06.16,NA
1923.06.06,NA
1923.05.23.R,wade
1923.05.22,dive
1923.03.18,dive
1923.02.00,swim
1923.01.13,NA
1923.01.27.a,swim
1923.00.00.c,fish
1923.00.00.a,fish
1922.12.14,bath
1922.12.05,bath
1922.10.29,sail
1922.09.29,fish
1922.09.28,freediv
1922.09.26.R,swim
1922.09.21.R,fish
1922.06.17,float
1922.05.24,swim
1922.05.06,swim
1922.04.26,swim
1922.03.20,fish
1922.03.13,stand
1922.03.02,bath
1922.02.22.R,swim
1922.02.04,swim
1922.01.28.R,bath
1922.01.15,swim
1922.01.13,stand
1922.01.04,surf
1921.12.11,swim
1921.11.27.a,wade
1921.11.15.R,swim
1921.11.27.b,fall
1921.10.12,dive
1921.10.04,dive
1921.09.00,fish
1921.08.28,swim
1921.08.22,dive
1920.11.22,stand
1920.11.29,wade
1920.11.04,capsiz
1920.07.14,swim
1920.07.05.R,dive
1920.06.29,swim
1920.06.27,NA
1920.03.08,NA
1920.02.03,float
1920.01.24.R.b,dive
1920.01.24.R.a,freediv
1920.01.15,swim
1920.00.00.b,overboard
1920.00.00.a,NA
1919.12.30.R,swim
1919.12.07,swim
1919.11.18,sit
1919.09.12,NA
1919.08.10,swim
1919.05.29,swim
1919.04.06,NA
1919.03.16,capsiz
1919.01.17,swim
1919.01.15,swim
1919.01.09,wade
1919.01.05,wade
1900.00.00.R,fish
1919.00.00,swim
1918.11.00.b,fish
1918.11.00.a,NA
1918.09.19,bath
1918.03.22,surf
1918.00.00,dive
1917.12.15,swim
1917.11.00,NA
1917.09.21,swim
1917.09.09,NA
1917.09.00,swim
1917.07.18,dive
1917.07.15,sink
1917.06.03,swim
1917.05.31,swim
1917.05.05,dive
1917.00.00,dive
1916.12.30,bath
1916.12.08.b,NA
1916.12.08.a,swim
1916.11.10,swim
1916.11.09,bath
1916.10.11,fish
1916.08.24,net
1916.07.26,fish
1916.07.13.b,swim
1916.07.13,swim
1916.07.12.c,swim
1916.07.12.b,swim
1916.07.12.a,swim
1916.07.11,NA
1916.07.08,dive
1916.07.06,swim
1916.07.01,swim
1916.06.30,swim
1916.06.24.R,overboard
1916.04.25.R,swim
1916.04.03,row
1916.03.19,bath
1915.12.09.R,dive
1915.11.10,bath
1915.11.08,bath
1915.07.06.a.R,fish
1915.05.15.R,fall
1915.03.29,dive
1915.02.06,swim
1915.01.13,fish
1915.01.01,bath
1914.12.04.R,swim
1914.10.17,NA
1914.09.26.R,fall
1914.09.09,swim
1914.07.15.R,wash
1914.07.09.R,fish
1914.06.12,fish
1914.06.10,bath
1914.05.31,swim
1914.05.14,fish
1914.03.14.R,swim
1914.03.03,wash
1914.02.09.R,wade
1914.02.03,kayak
1914.01.17.R,wade
1913.12.30.R,fish
1913.11.27,NA
1913.11.21,swim
1913.05.21,fish
1913.05.02,NA
1913.01.00,dive
1913.00.00.d,swim
1913.00.00.c,swim
1912.08.30,swim
1912.07.23,swim
1912.07.06.R,bath
1912.03.18,swim
1912.02.22,dive
1912.02.19,swim
1912.02.03,swim
1912.01.26,swim
1912.01.13.R,overboard
1912.01.01,bath
1912.00.00,fall
1911.10.26,fall
1911.10.25,dive
1911.09.23,overboard
1911.09.20,NA
1911.09.17,bath
1911.07.31.R,bath
1911.07.16.R,fish
1911.05.09,bath
1911.05.01.R,fish
1911.05.01,swim
1911.04.08.R,fish
1911.03.29.R,swim
1911.01.04,NA
1911.00.00.b,swim
1911.00.00.a,fish
1910.12.23.R,NA
1910.11.28,fish
1910.11.24,bath
1910.06.25.R,swim
1910.06.08.R,NA
1910.05.16.R,NA
1910.03.31,fall
1910.03.08,swim
1910.03.00,dive
1910.02.16,bath
1910.00.00.b,fish
1910.00.00.a,swim
1909.12.05,fish
1909.12.15.R,fall
1909.11.14,overboard
1909.09.04.R,net
1909.08.13,fish
1909.07.24,fish
1909.07.15,swim
1909.06.26.a.R,bath
1909.06.18,rescu
1909.04.27.R,fish
1909.04.10,NA
1909.04.09.R,NA
1909.03.06,NA
1909.01.17,overboard
1909.01.00,NA
1908.12.31,swim
1908.12.16.R,NA
1908.09.21,fall
1908.09.05,fish
1908.08.28.R,fall
1908.07.08.R,boat
1908.06.18,NA
1908.06.08,NA
1908.05.13,sink
1908.01.08,NA
1907.12.21,bath
1907.10.18.R,bath
1907.10.16.R,fish
1907.10.14,bath
1907.10.12,fall
1907.10.08,dive
1907.09.18.R,swim
1907.09.11,swim
1907.08.12.b..R,swim
1907.08.12.a..R,swim
1907.08.08.R,wade
1907.07.14.R,swim
1907.07.00,float
1907.04.20,bath
1907.03.26,fish
1907.03.07,fish
1907.02.09,sink
1907.02.05,stand
1907.02.03,bath
1907.00.00.b,fish
1907.00.00.a,fish
1906.11.16,fish
1906.10.10.c.R,swim
1906.10.10.b.R,dive
1906.10.10.a.R,swim
1906.09.27.R.b,swim
1906.09.27.R.a,swim
1906.09.05.R,swim
1906.09.00,fish
1906.08.20,NA
1906.08.04,fall
1906.07.05.R,swim
1906.04.27.R,dive
1906.04.16,NA
1906.04.14,dive
1906.04.10.R.a & b,NA
1906.02.14.R,swim
1906.01.28,bath
1906.01.20,wash
1905.12.31,stand
1905.12.29,bath
1905.11.17.R,caught
1905.09.29,swim
1905.08.00.b,NA
1905.08.00.a,bath
1905.07.29,wade
1905.07.00,fish
1905.05.22,swim
1905.04.06,swim
1905.03.26,bath
1905.03.25,bath
1905.02.10,bath
1905.01.01,bath
1905.00.00,NA
1904.11.02,bath
1904.10.11.R,fall
1904.09.00,fall
1904.08.00,capsiz
1904.07.28,sail
1904.07.27,swim
1904.07.01.R,swim
1904.02.07,swim
1904.02.04,swim
1904.01.23,bath
1904.00.00.c,dive
1904.00.00.b,bath
1904.00.00.a,swim
1903.10.04,fall
1903.09.16.R,fish
1903.07.00,NA
1903.06.21,swim
1903.05.04,bath
1903.03.20.R,NA
1903.03.12,swim
1903.00.00.b,dive
1903.00.00.a,fish
1902.12.22.R,swim
1902.11.10,swim
1902.11.01.R,fish
1902.08.28.R,swim
1902.08.24.R,fish
1902.08.08,NA
1902.07.15,fish
1902.07.06,swim
1902.06.00,dive
1902.04.00,swim
1902.02.22.R,stand
1902.01.25.R,NA
1902.01.19,swim
1901.12.01,bath
1901.10.00,NA
1901.09.23.R,swim
1901.07.30,swim
1901.07.17,swim
1901.06.29.R,NA
1901.06.24,swim
1901.01.30,bath
1901.00.00,bath
1900.12.27,bath
1900.11.14,swim
1900.10.27,swim
1900.09.15,swim
1900.09.13,dive
1900.08.21,bath
1900.07.31,swim
1900.07.14,NA
1900.01.28,stand
1900.00.00.a,swim
1899.12.18,fall
1899.11.20,NA
1899.10.12.b,dive
1899.10.12.a,dive
1899.09.11.R,swim
1899.08.23.R,NA
1899.08.15,swim
1899.08.08.c,float
1899.08.08.b,bath
1899.08.08.a,bath
1899.07.08.R,fall
1899.06.07,fish
1899.06.02,NA
1899.05.28,swim
1899.05.04.R,bath
1899.01.28,bath
1899.00.00.c,NA
1899.00.00.b,row
1899.00.00.a,NA
1898.12.28.R,fall
1898.10.28,overboard
1898.09.19.b.R,dive
1898.09.19.a.R,dive
1898.08.22,swim
1898.07.26.R,NA
1898.07.15,swim
1898.07.14,stand
1898.07.00,swim
1898.06.22,capsiz
1898.04.13,NA
1898.00.00.R,NA
1898.00.00.f,fish
1898.00.00.e,sink
1898.00.00.d,NA
1898.00.00.c,swim
1898.00.00.a,dive
1898.00.00 g,NA
1897.12.04.R,NA
1897.10.15,dive
1897.10.05.R,fish
1897.09.17,fish
1897.09.06,stand
1897.07.21,wade
1897.06.09,NA
1897.03.15.b.R,swim
1897.03.15.a.R,fish
1896.12.23,fish
1896.12.20,bath
1896.11.29,swim
1896.11.01,NA
1896.09.11.R,dive
1896.07.25,fish
1896.06.21.R,bath
1896.01.11,bath
1896.00.00.b,swim
1896.00.00.a,wade
1895.12.09,bath
1895.11.21.R,dive
1895.11.16,fish
1895.09.18,NA
1895.09.14.R,dive
1895.09.00,fish
1895.08.11,swim
1895.08.02,fish
1895.07.16.R,NA
1895.06.13.R,dive
1895.06.03.R,dive
1895.05.21,NA
1895.05.03,NA
1895.04.29,NA
1895.04.23,swim
1895.03.29.R,swim
1895.03.15,swim
1895.02.27,swim
1895.02.23.R,NA
1894.12.11,fish
1894.11.28,bath
1894.10.06.R,swim
1894.09.12.R,bath
1894.09.06.R,NA
1894.09.01.R,fish
1894.08.21,swim
1894.08.01,NA
1894.07.15.R,fish
1894.06.29,bath
1894.06.25,NA
1894.06.15.b.R,bath
1894.04.28.b.R,bath
1894.06.15.a.R,fall
1894.04.28.a.R,bath
1893.10.20.R,NA
1893.10.16,NA
1893.07.03,NA
1893.06.22.R,NA
1893.06.22,NA
1893.05.23.R,NA
1893.05.17,NA
1893.04.15,NA
1893.04.14,NA
1893.04.04,NA
1893.01.30.R,bath
1893.01.18.R,NA
1892.12.15,fall
1892.11.09.R,fish
1892.11.06,swim
1892.06.24,fish
1892.06.20.R,NA
1892.05.19.R,bath
1892.04.21.R,fall
1892.03.25.R,NA
1892.03.02,fish
1892.00.00,dive
1891.12.31.R,swim
1891.12.22.R,swim
1891.09.14.R,kayak
1891.08.30.R,overboard
1891.08.29,NA
1891.06.11,fish
1891.03.10,NA
1891.01.08.R,capsiz
1890.12.30,NA
1890.12.27.R,overboard
1890.10.25.R,overboard
1890.08.17.R,fish
1890.08.09,tread
1890.08.08,bath
1890.06.26,swim
1890.06.14.R,fall
1890.06.02.R,swim
1890.02.25,fish
1890.00.00.e,wade
1890.00.00.d,dive
1890.00.00.c,dive
1890.00.00.b,swim
1890.00.00.a,bath
1889.11.22,fall
1889.11.16,NA
1889.10.03.R,swim
1889.07.21,swim
1889.07.19,fish
1889.07.08,fall
1889.01.31.R,fish
1889.01.00,NA
1888.12.25.R,swim
1888.12.09,swim
1888.12.00,fall
1888.08.14,NA
1888.08.01.R,sail
1888.07.20.R,NA
1888.07.13.R,NA
1888.06.24,fish
1888.06.18.R,sink
1888.02.17,float
1888.02.00,NA
1888.01.22,row
1888.00.00,dive
1887.12.22.R,fall
1887.10.18,NA
1887.10.00,NA
1887.09.22,swim
1887.03.12,row
1887.02.08.R,swim
1887.01.20,NA
1887.01.12,swim
1887.00.00,NA
1886.08.00.b,net
1886.08.00.a,NA
1886.06.17,NA
1886.06.02,fish
1886.05.06,bath
1886.04.26,NA
1886.04.11,NA
1886.03.06.R,bath
1886.03.00,capsiz
1886.02.13.R,fish
1886.01.28,dive
1886.01.26,NA
1886.01.01,swim
1886.00.00,sail
1885.11.26,bath
1885.08.17,fall
1885.07.26.c,NA
1885.07.26.b,NA
1885.07.26.a,NA
1885.04.16.R,swim
1885.04.09,bath
1885.03.28,fish
1884.12.13,NA
1884.08.28.R.,boat
1884.08.18,NA
1884.01.16,swim
1884.01.14,fall
1883.12.19,swim
1883.09.14.R,swim
1883.07.05,fish
1883.02.26.R,dive
1883.02.25.R,dive
1883.01.21,bath
1883.00.00.d,fish
1883.00.00.c,fall
1882.12.03,NA
1882.11.12.b,bath
1882.11.12.a,bath
1882.09.00,NA
1882.05.14,fall
1882.05.12.R,dive
1882.04.15,fish
1882.02.07.R,dive
1882.01.23.R,bath
1882.00.00.b,overboard
1881.11.13,swim
1881.10.16,bath
1881.09.05,bath
1881.08.16.R,capsiz
1881.08.12,swim
1881.06.25,bath
1881.06.13,fall
1881.00.00.a,fish
1880.11.25,swim
1880.10.10,NA
1880.08.08,swim
1880.07.25,sail
1880.05.14,bath
1880.05.02.b,bath
1880.05.02.a,bath
1880.01.22,fish
1880.01.03,bath
1880.00.00.e,dive
1879.12.24,swim
1879.11.10,swim
1879.09.22,fish
1879.08.30.R,NA
1879.07.03,bath
1879.03.19,stand
1879.03.10,NA
1879.00.00,capsiz
1878.11.17,bath
1878.10.24.R,swim
1878.10.13,overboard
1878.09.14.R,fish
1878.09.02.b,capsiz
1878.09.02.a,capsiz
1878.08.09,swim
1878.08.08,swim
1878.02.13,NA
1878.00.00,bath
1877.12.15.R,NA
1877.12.15,bath
1877.12.12,overboard
1877.09.15,fish
1877.04.04.,bath
1877.03.16,paddl
1877.02.17.R,fish
1877.01.28,bath
1877.01.24.R,swim
1877.01.04,float
1876.09.07.R,dive
1876.06.04.R,bath
1876.05.14,swim
1876.02.06,bath
1876.00.00.d,dive
1876.00.00.b,dive
1875.11.27.R,fish
1875.03.03,bath
1875.01.20.R,bath
1875.00.00,sit
1874.11.21,bath
1874.11.14.R,fish
1874.07.23,fish
1874.07.15.R,fish
1874.07.15,bath
1874.06.15.b.R,NA
1874.06.15.a.R,NA
1874.04.20.R,fish
1874.01.09,bath
1874.00.00,caught
1873.07.28,fish
1873.06.09.R,bath
1873.01.09.R,bath
1873.00.00,swim
1872.11.30.R,swim
1872.08.07.R,fish
1872.04.03.R,kayak
1872.02.26,NA
1872.01.28,capsiz
1872.00.00,NA
1871.08.29.R,fish
1871.08.00,fish
1871.05.22.R,bath
1871.03.24,bath
1871.00.00.a,fish
1870.07.27,bath
1870.06.19,bath
1870.06.01,bath
1870.05.26.R,fish
1870.05.18,bath
1870.05.11,bath
1870.01.09,bath
1870.00.00,kayak
1869.04.15.R,fish
1869.04.10,fall
1868.05.13,stand
1868.01.17,NA
1868.01.04.R,fish
1868.00.00.b,swim
1868.00.00.a,bath
1867.08.22.R,swim
1867.08.00,NA
1867.06.26,capsiz
1867.00.00,NA
1866.04.24.R,fall
1865.09.02,swim
1865.07.18.R,bath
1865.03.01.R,fish
1865.00.00,NA
1864.09.18.R,NA
1864.08.12,swim
1864.07.25,bath
1864.01.27.R,NA
1864.01.16.R,NA
1864.01.02,bath
1864.00.00,swim
1863.12.14,bath
1863.09.13.R,bath
1863.04.00,NA
1863.03.05,float
1863.02.05,NA
1863.01.10,bath
1863.00.00.R,swim
1862.12.22,swim
1862.12.19.R,NA
1862.08.15.R,bath
1862.07.25,swim
1862.07.13,swim
1862.05.05,bath
1862.00.00.a,NA
1861.11.10,bath
1861.09.25.R,NA
1861.03.00,bath
1861.02.12.R,swim
1861.01.15.R,bath
1860.12.26,bath
1860.08.01,swim
1860.04.00.b,swim
1860.04.00.a,bath
1860.03.27,sink
1860.03.11,NA
1858.08.31,swim
1858.08.29,swim
1858.03.14,bath
1858.01.09.R,overboard
1856.11.25.R,swim
1856.06.21.R,swim
1856.02.06,swim
1855.11.11,swim
1855.09.30,NA
1855.07.28,bath
1855.04.09.R,fall
1855.03.28,fall
1855.02.12.R,swim
1855.00.00,swim
1854.04.08.R,swim
1853.11.08,swim
1853.09.28,dive
1853.07.13.R,swim
1853.00.00.d,fall
1853.00.00.c,dive
1853.00.00.b,capsiz
1853.00.00.a,overboard
1852.12.19,swim
1852.10.23.R,fish
1852.10.09.R,fall
1852.08.07,fall
1852.08.00,swim
1852.05.24,NA
1852.02.26,NA
1852.01.22,swim
1852.00.00,wade
1851.06.19.R,bath
1851.03.08.R,swim
1851.00.00,dive
1850.00.00,bath
1849.12.01,bath
1849.09.19,swim
1849.06.08.b,rescu
1849.06.08.a,bath
1849.01.27,capsiz
1848.08.31,swim
1848.07.00,stand
1847.11.30,swim
1847.07.19,swim
1847.03.11,NA
1847.00.00.b,swim
1847.00.00.a,boat
1846.12.08,NA
1845.12.26,fish
1845.09.10.R,net
1844.07.20.,capsiz
1844.07.16.R,swim
1844.05.24,fall
1844.00.00,fall
1842.00.00.b,wash
1842.00.00.a,NA
1841.03.27,bath
1840.12.00,swim
1840.02.00,sail
1840.00.00.a,overboard
1839.04.14,sit
1839.00.00.b,rescu
1837.01.17,wash
1837.00.00.b,bath
1835.02.21.R,bath
1835.01.06,NA
1834.07.15.R,swim
1832.06.04,fish
1832.01.23.R,bath
1831.01.22.R,capsiz
1830.07.26,fish
1830.07.02.R,wash
1830.04.30,bath
1829.00.00,NA
1828.09.28,bath
1828.00.00,surf
1827.06.00.b,swim
1827.06.00.a,swim
1827.01.11.R,overboard
1826.11.00,bath
1826.08.28,NA
1825.00.00.b,swim
1817.06.24,swim
1817.06.15,swim
1817.05.11,swim
1817.02.22,NA
1816.09.03.R,swim
1812.07.00,swim
1811.03.01,fall
1800.00.00,NA
1788.05.10,fish
1787.07.05,swim
1779.00.00,surf
1776.00.00.R,NA
1764.00.00,swim
1767.00.00,bath
1758.00.00,fall
1749.00.00,swim
1748.00.00,dive
1738.04.06.R,swim
1721.06.00,swim
1703.03.26,swim
1700.00.00.b,bath
1642.00.00.b,overboard
1642.00.00,swim
1700.00.00.a,bath
1637.00.00.R,wade
1595.00.00,NA
1580.01.10.R,fall
1555.00.00,swim
1543.00.00,dive
0077.00.00,dive
0.0493,NA
0.0336,wash
0.0214,NA
ND-151,swim
ND-150,swim
ND-0149,swim
ND-0148,swim
ND-1940,NA
ND-0138,fall
ND-0136,dive
ND-0134,swim
ND-0133,fish
ND-0130,collect
ND-0129,dive
ND-0127,snorkel
ND-0123,NA
ND-0122,surf
ND-0119,capsiz
ND-0118,dive
ND-0116,fish
nd-0114,net
ND-0113,bath
ND-0111,fish
ND.0110,spearfish
ND-0109,fish
ND-0108,freediv
ND-0107,fish
ND-0106,swim
ND.0104,dive
ND.0102,dive
ND.0100,spearfish
ND.0097,windboard
ND.0096,NA
ND.0095,dive
ND.0094,dive
ND.0093,fish
ND.0091,dive
ND.0089,NA
ND.0087,dive
ND.0086,scubadiv
ND.0085,freediv
ND.0084,NA
ND.0083,collect
ND.0082,swim
ND.0081,dive
ND.0078,kayak
ND.0075,dive
ND.0074,dive
ND.0073,swim
ND.0069,spearfish
ND.0068,dive
ND.0066,NA
ND.0065,fish
ND.0064,NA
ND.0063,NA
ND.0059,spearfish
ND.0058,swim
ND.0057,bath
ND.0056,stand
ND.0055,dive
ND.0054,swim
ND.0052,fall
ND.0051,fish
ND.0049,swim
ND.0048,dive
ND.0047,fish
ND.0044,NA
ND.0043,float
ND.0042,freediv
ND.0041,fish
ND.0039,stand
ND.0038,swim
ND.0037,dive
ND.0036,dive
ND.0035,dive
ND.0033,carri
ND.0032,NA
ND.0031,swim
ND.0030,bath
ND.0028,fish
ND.0027,dive
ND.0026,stand
ND.0024,swim
ND.0023,wade
ND.0022,dive
ND.0021,swim
ND.0019,fish
ND.0018,swim
ND.0017,swim
ND.0016,bath
ND.0015,sail
ND.0014,swim
ND.0013,fish
ND.0012,wade
ND.0011,swim
ND.0009,fish
ND.0008,fish
ND.0007,fish
ND.0006,swim
ND.0005,dive
ND.0004,dive
ND.0003,swim
ND.0001,swim
