CaseNumber,species_cat
2016.03.03.R,NA
2016.03.02,sand tiger
2016.02.10.R,no shark
2016.02.10,NA
2016.01.28,reef
2016.01.24.b,bull
2016.01.24.a,mako
2016.01.23,tiger
2016.01.05,blacktip
2016.01.02,NA
2015.12.26,white
2015.12.25,silky
2015.12.22,NA
2015.12.21.b,bronze whaler
2015.12.21.a,tiger
2015.12.13,white
2015.12.11,bull
2015.11.20,galapagos
2015.11.15.a,spinner
2015.11.10,bull
2015.12.23,NA
2015.11.01.b,NA
2015.10.25,white
2015.10.21,NA
2015.10.19,spinner
2015.10.17.b,no shark
2015.10.17.a,tiger
2015.10.13,NA
2015.10.09.a,tiger
2015.10.05.a,NA
2015.10.04,blacktip
2015.09.29,blacktip
2015.09.24,white
2015.09.20.d,NA
2015.09.20.c,tiger
2015.09.20.b,NA
2015.09.08,NA
2015.09.06,white
2015.09.05,hammerhead
2015.09.04,white
2015.09.03,NA
2015.09.01,NA
2015.09.00,tiger
2015.08.29.b,white
2015.08.29.a,white
2015.08.22.b,NA
2015.08.20,NA
2015.08.19,NA
2015.08.18.b,white
2015.08.18.a,NA
2015.08.10,hammerhead
2015.07.31,white
2015.07.26.b,spinner
2015.07.26.a,NA
2015.07.25,white
2015.07.23.b,mako
2015.07.23.a,bronze whaler
2015.07.22,bull
2015.07.19,white
2015.07-10,white
2015.07.08,NA
2015.07.06,no shark
2015.07.04.b,NA
2015.07.03,white
2015.07.02,white
2015.07.01,NA
2015.06.30.a,NA
2015.06.27.b,bull
2015.06.27.a,white
2015.06.26.c,NA
2015.06.26.b,white
2015.06.26.a,NA
2015.06.25.R,wobbegong
2015.06.24.b,sand tiger
2015.06.24.a,NA
2015.06.23,NA
2015.06.14.b,bull
2015.06.14.a,bull
2015.06.13,mako
2015.06.11,NA
2015.06.07,bull
2015.06.05,nurse
2015.06.01,bull
2015.05.25,NA
2015.05.20,NA
2015.05.09,bull
2015.05.15,NA
2015.05.03,white
2015.05.02,white
2015.04.26,NA
2015.04.25,white
2015.04.24.c,white
2015.04.13,blue
2015.04.12,bull
2015.04.03,bull
2015.03.31,no shark
2015.03.29,NA
2015.03.26,white
2015.03.21,mako
2015.03.18,tiger
2015.03.16,blacktip
2015.03.07,blacktip reef
2015.02.15,white
2015.02.14,tiger
2015.02.09,NA
2015.02.08,NA
2015.02.05,NA
2015.01.30,bull
2015.01.27,NA
2015.01.19.b,white
2015.01.19.a,NA
2015.01.17,NA
2015.01.16,NA
2015.01.08,no shark
2015.01.06,white
2015.01.03,raggedtooth
2015.01.01,NA
2014.12.29.a,white
2014.12.29.b,NA
2014.12.28.d,NA
2014.12.28.c,NA
2014.12.28.b,white
2014.12.28.a,NA
2014.12.23.R,goblin
2014.11.19,white
2014.11.17,white
2014.11.16,NA
2014.11.13,NA
2014.10.31,tiger
2014.10.22,tiger
2014.10.18,NA
2014.10.17,NA
2014.10.14,bull
2014.10.05.b,blacktip
2014.10.05.a,blacktip
2014.10.03.b,white
2014.10.03.a,white
2014.10.02.b,NA
2014.10.02.a,white
2014.09.13.R,blacktip
2014.09.13,no shark
2014.09.09,NA
2014.09.06,bull
2014.09.03,white
2014.09.02,NA
2014.08.31,spinner
2014.08.29.b,spinner
2014.08.29.a,NA
2014.08.27.c,NA
2014.08.27.b,NA
2014.08.25,bull
2014.08.24,NA
2014.08.16,reef
2014.08.12,bull
2014.08.09.R,bull
2014.08.08,bull
2014.08.06,NA
2014.08.01,white
2014.08.00,NA
2014.07.27,tiger
2014.07.22,NA
2014.07.20,angel
2014.07.16,NA
2014.07.14,NA
2014.07.13,NA
2014.07.05.b,white
2014.07.03,NA
2014.06.27.R,oceanic whitetip
2014.06.25,caribbean reef
2016.01.11.R,wobbegong
2014.06.17.R,lemon
2014.06.09.b,sandbar
2014.06.09.a,bronze whaler
2014.06.01.c,bull
2014.06.01.a,blacktip reef
2014.05.27.R,bull
2014.05.23,NA
2014.05.22,tawny nurse
2014.05.14,white
2014.05.11,NA
2014.05.10.R,no shark
2014.05.06,NA
2014.05.01,NA
2014.04.24,reef
2014.04.12.R,white
2014.04.12,raggedtooth
2014.04.03,white
2014.03.22.b,NA
2014.03.22.a,NA
2014.03.18,no shark
2014.03.12,wobbegong
2014.03.02,spinner
2014.02.20,blacktip reef
2014.02.07,sevengill
2014.01.26,NA
2014.01.25,sevengill
2014.00.00,white
2013.12.25,bull
2013.12.16,white
2013.12.11,tiger
2013.12.10,NA
2013.12.05,wobbegong
2013.11.30,tiger
2013.11.23.a,white
2013.11.22,white
2013.11.12,white
2013.10.31,tiger
2013.10.28,blacktip reef
2013.10.26.b,bull
2013.10.26.a,white
2013.10.24,wobbegong
2013.10.23,whitetip reef
2013.10.20,tiger
2013.10.19,nurse
2013.10.11,white
2013.10.08,white
2013.10.05,white
2013.09.14,bull
2013.09.12,NA
2013.09.07.b,NA
2013.09.07.a,NA
2013.09.01.c,nurse
2013.09.01.a,NA
2013.08.31.b,blacktip
2013.08.31.a,salmon
2013.08.29,no shark
2013.08.26,mako
2013.08.17,white
2013.08.14,tiger
2013.08.11,bull
2013.08.08.R,blacktip
2013.08.05,bull
2013.07.29.c,NA
2013.07.29.a,tiger
2013.07.28.b,nurse
2013.07.09,NA
2013.06.25.c,white
2013.06.25.b,bull
2013.06.25.a,NA
2013.06.18,tiger
2013.06.14.R,NA
2013.06.06.b,lemon
2013.06.06.a,NA
2013.05.27.b,galapagos
2013.05.14,galapagos
2013.05.08.a,bull
2013.05.04.a,NA
2013.04.28,NA
2013.04.24,tiger
2013.04.21,gray nurse
2013.04.17,NA
2013.04.14,blue
2013.04.13.b,bull
2013.04.10,blacktip reef
2013.04.02.R,NA
2013.04.02.a,NA
2013.03.31,no shark
2013.03.21.R,nurse
2013.03.16.b,raggedtooth
2013.03.12,tiger
2013.03.10.b,bronze whaler
2013.03.10.a,NA
2013.02.27,white
2013.02.21.b,reef
2013.02.21.a,reef
2013.02.10,blacktip
2013.02.09,lemon
2013.01.26,white
2013.01.16,tiger
2013.01.13,bronze whaler
2012.12.30,NA
2012.12.28,bull
2012.12.25,tiger
2012.12.19,tiger
2012.12.05,NA
2012.12.02,sand tiger
2012.12.00,sevengill
2012.11.30,tiger
2012.11.27,no shark
2012.11.22,NA
2012.11.19,NA
2012.11.04.b,tiger
2012.11.04.a,tiger
2012.10.30,white
2012.10.27,tiger
2012.10.23,white
2012.10.18.a,NA
2012.10.16,NA
2012.10.02,NA
2012.09.25,NA
2012.09.24,NA
2012.09.10,bull
2012.09.02.b,NA
2012.09.02.a,NA
2012.08.31,porbeagle
2012.08.11,NA
2012.08.09,lemon
2012.08.05,bull
2012.08.04,lemon
2012.07.31.a,white
2012.07.30.a,white
2012.07.24,NA
2012.07.19,salmon
2012.07.14,white
2012.07.07.a,NA
2012.07.06,NA
2012.06.28.R,no shark
2012.06.26.c,bull
2012.06.26.a,reef
2012.06.20,NA
2012.06.19,no shark
2012.06.15,nurse
2012.06.14.d,blacktip
2012.06.14.c,NA
2012.06.14.b,blacktip
2012.06.14.a,blacktip
2012.06.12,NA
2012.06.10,blue
2012.06.03,white
2012.05.31,NA
2012.05.29,bull
2012.05.23,NA
2012.05.20,tiger
2012.05.12,white
2012.05.06,white
2012.04.19.b,NA
2012.04.19.a,white
2012.04.11,white
2012.04.03,tiger
2012.03.31,white
2012.03.22,white
2012.03.20,bull
2012.03.15,bull
2012.03.14.b,NA
2012.03.14.a,NA
2012.03.06.a,tawny nurse
2012.03.04,NA
2012.02.26,spinner
2012.02.25,gray nurse
2012.02.20,white
2012.01.27,NA
2012.01.22.R,tiger
2012.01.19,tiger
2012.01.18.b,blue
2012.01.18.a,white
2012.01.15,bull
2012.01.13,white
2012.01.03,NA
2012.01.02,tiger
2011.12.26.R,NA
2011.12.21.b,NA
2011.12.11,white
2011.12.07.b,NA
2011.12.07.a,wobbegong
2011.12.05,NA
2011.11.28,wobbegong
2011.11.22,white
2011.10.29.,white
2011.10.28.R,NA
2011.10.28.,raggedtooth
2011.10.22,white
2011.10.20,white
2011.10.19,port jackson
2011.10.11,NA
2011.10.10,NA
2011.10.05,NA
2011.09.30,no shark
2011.09.28.a,white
2011.09.24.b,bull
2011.09.16,NA
2011.09.11.a,tiger
2011.09.04.a,white
2011.09.02,spinner
2011.08.31,NA
2011.08.28.b,NA
2011.08.23,white
2011.08.17.c.,sand tiger
2011.08.17.b.,NA
2011.08.17.a,NA
2011.08.16.c,gray reef
2011.08.16.a,bull
2011.08.15,NA
2011.07.31,NA
2011.07.22,white
2011.06.28,dusky
2011.06.26,bull
2011.06.24,white
2011.06.19.b,NA
2011.06.12,blacktip
2011.06.14.R,oceanic whitetip
2011.06.06.b,sevengill
2011.06.06.a,NA
2011.06.01,blacktip reef
2011.05.29,white
2011.05.25,tiger
2011.05.22,tiger
2011.05.21.b,zambesi
2011.05.21.a,tiger
2011.05.10,sandbar
2011.04.26,bull
2011.04.23,reef
2011.04.22,NA
2011.04.16,bronze whaler
2011.04.12,bull
2011.03.29.R,blacktip
2011.03.24,bull
2011.03.23,bull
2011.03.16,NA
2011.02.28.R,bull
2011.02.23,NA
2011.02.17,white
2011.02.13,NA
2011.01.31,NA
2011.01.26,caribbean reef
2011.01.20,NA
2011.01.03,white
2010.12.26,NA
2010.12.05,oceanic whitetip
2010.12.01.b,mako
2010.12.01.a,mako
2010.11.30.b,oceanic whitetip
2010.11.30.a,oceanic whitetip
2010.11.27,NA
2010.11.12.R,white
2010.10.30,white
2010.10.23.b,porbeagle
2010.10.22,white
2010.10.09,bull
2010.10.02.b,lemon
2010.10.02.a,lemon
2010.09.27,white
2010.09.21,white
2010.09.13,NA
2010.09.07,NA
2010.08.17,white
2010.08.14,white
2010.08.07.a,NA
2010.08.05,NA
2010.08.02.b,white
2010.08.02.a,NA
2010.07.25,NA
2010.07.19,blacktip
2010.07.17.b,sand tiger
2010.07.17.a,spinner
2010.07.16.b,angel
2010.07.11,nurse
2010.07.03,blue
2010.07.02.b,NA
2010.07.02.a,NA
2010.06.27,bull
2010.06.15,NA
2010.06.10,NA
2010.05.30,lemon
2010.05.18.c,NA
2010.05.18.b,NA
2010.05.01,NA
2010.04.28,lemon
2010.04.19,NA
2010.04.13,NA
2010.04.04,oceanic whitetip
2010.03.27,NA
2010.02.19,blue
2010.02.16,NA
2010.02.13,NA
2010.02.11,wobbegong
2010.02.06.R,NA
2010.02.06.b,white
2010.02.06.a,spinner
2010.02.01,NA
2010.01.30,hammerhead
2010.01.12,white
2010.01.09.d,whitetip reef
2009.12.22,zambesi
2009.12.20.a,bull
2009.12.16,white
2009.12.12,white
2009.12.06,sand tiger
2009.11.25,NA
2009.11.24,NA
2009.11.16.b,thresher
2009.11.11,NA
2009.11.08,NA
2009.10.30,white
2009.10.29.R,zambesi
2009.10.19,NA
2009.10.17,angel
2009.10.14.R,bull
2009.10.02,NA
2009.09.26,bull
2009.09.12,NA
2009.08.30,NA
2009.08.29,white
2009.08.25,white
2009.08.11,white
2009.08.06,tiger
2009.08.01,bull
2009.07.31,bull
2009.07.24.a,NA
2009.07.11.b,caribbean reef
2009.07.11.a,NA
2009.07.04,nurse
2009.06.27,bronze whaler
2009.06.21,NA
2009.06.16,NA
2009.06.14.R,white
2009.06.02.b,oceanic whitetip
2009.06.02.a,oceanic whitetip
2009.06.01,oceanic whitetip
2009.05.31,NA
2009.05.25,NA
2009.05.17,spinner
2009.05.16.b,spinner
2009.05.12,blacktip
2009.05.16.a,spinner
2009.05.06,NA
2009.04.17.,NA
2009.04.12,NA
2009.04.11,NA
2009.04.06.b,NA
2009.04.06.a,white
2009.03.27,raggedtooth
2009.03.20,bronze whaler
2009.03.18.a,NA
2009.03.17.R,blacktip reef
2009.03.17,cookie cutter
2009.03.16.R,wobbegong
2009.03.02,blue
2009.03.01.a,NA
2009.02.12,white
2009.02.11,bull
2009.02.07.b,white
2009.01.25,bull
2009.01.24.a,tiger
2009.01.18,white
2009.01.12,dusky
2009.01.11.b,white
2009.01.11.a,white
2009.01.10.R,mako
2009.01.06,broadnose sevengill
2009.01.00,bull
2008.12.30,no shark
2008.12.27.d,NA
2008.12.27.b,white
2008.12.27.a,white
2008.12.20,white
2008.12.14,bronze whaler
2008.12.10,raggedtooth
2008.12.06,white
2008.12.00,zambesi
2008.11.28,oceanic whitetip
2008.11.09.b,bronze whaler
2008.10.22,gray nurse
2008.10.21,lemon
2008.10.12,reef
2008.10.06,white
2008.09.28.a,NA
2008.09.15,bronze whaler
2008.09.14,NA
2008.09.09,tiger
2008.09.08,white
2008.09.07,NA
2008.09.01,NA
2008.08.30.b,NA
2008.08.30.a,blue
2008.08.27,NA
2008.08.22,NA
2008.08.18,NA
2008.08.16,caribbean bull
2008.08.11,tiger
2008.07.30.R,white
2008.07.30,white
2008.07.27,NA
2008.07.26.b,NA
2008.07.26.a,reef
2008.07.24.b,NA
2008.07.24.a,NA
2008.07.19,NA
2008.07.18,oceanic whitetip
2008.07.13,NA
2008.07.00,starry smoothhound
2008.06.28.c,NA
2008.06.28.b,bull
2008.06.28.a,white
2008.06.26.R,white
2008.06.26.a,NA
2008.06.21,white
2008.06.02.R,basking
2008.06.01.b,NA
2008.06.01.a,bull
2008.05.24.b,tiger
2008.05.24.a,NA
2008.05.23,NA
2008.05.10,white
2008.05.07.b,bull
2008.04.28.b,tiger
2008.04.28.a,NA
2008.04.26.b,bull
2008.04.17,NA
2008.04.25,white
2008.04.20.a,tiger
2008.04.19.R,tiger
2008.04.18,NA
2008.04.15,NA
2008.04.08,bull
2008.03.28.b,NA
2008.03.28.a,NA
2008.03.25,NA
2008.03.23,NA
2008.03.15,NA
2008.03.07,white
2008.02.24,bull
2008.02.07,NA
2008.02.06,NA
2008.01.29,blacktip
2008.01.27,mako
2008.01.19.R,no shark
2008.01.14,bronze whaler
2008.01.10,NA
2008.00.00.b,nurse
2008.00.00.a,hammerhead
2007.12.21,NA
2007.12.18,NA
2007.12.15,NA
2007.12.14,no shark
2007.12.10,tiger
2007.12.07,NA
2007.11.18,reef
2007.11.07,NA
2007.11.06,NA
2007.11.04,NA
2007.11.03,white
2007.10.29,tiger
2007.10.15,white
2007.10.13,bronze whaler
2007.10.07,NA
2007.10.06,blacktip
2007.09.30.a,tiger
2007.09.28,caribbean reef
2007.09.27.b,white
2007.09.27.a,oceanic whitetip
2007.09.22.a,NA
2007.09.20,NA
2007.09.17,gray reef
2007.09.16.a,NA
2007.09.13,nurse
2007.09.03.b,NA
2007.09.03.a,spinner
2007.08.28.b,tiger
2007.08.28.a,white
2007.08.26,NA
2007.08.25,NA
2007.08.22,sand
2007.08.20,sand tiger
2007.08.19.b,NA
2007.08.15,bull
2007.08.07,bull
2007.07.22,white
2007.07.21,white
2007.07.19.a,bronze whaler
2007.07.18.b,NA
2007.07.18.a,catshark
2007.07.17.b,NA
2007.07.17.a,NA
2007.07.10,bull
2007.07.04,NA
2007.06.30.b,lemon
2007.06.25,NA
2007.06.24,tiger
2007.06.17,NA
2007.06.12,NA
2007.05.24,blacktip reef
2007.05.17.R,NA
2007.05.16,NA
2007.05.12,NA
2007.05.10,NA
2007.05.09.R,white
2007.05.07.b,tiger
2007.05.07.a,NA
2007.05.00,lemon
2007.04.26,NA
2007.04.22,spinner
2007.04.20,NA
2007.04.13.R,bull
2007.04.09,tiger
2007.03.31.b,NA
2007.03.21,NA
2007.03.20,NA
2007.03.14.R,NA
2007.03.12,NA
2007.03.05.R,tiger
2007.01.25.b,tiger
2007.01.25.a,NA
2007.01.23,white
2007.01.14,tiger
2007.01.09,NA
2007.01.07,NA
2007.01.05,tiger
2006.12.18,NA
2006.12.11,NA
2006.12.10,white
2006.12.06,raggedtooth
2006.12.02,white
2006.11.11,NA
2006.11.09,bull
2006.10.31,white
2006.10.07,NA
2006.10.05,NA
2006.09.18.R,nurse
2006.09.14,spinner
2006.09.11,NA
2006.09.04,no shark
2006.09.03.a,NA
2006.08.29.a,bronze whaler
2006.08.15,NA
2006.08.13,white
2006.08.00.a,bull
2006.07.31.R,catshark
2006.07.31.a,white
2006.07.29.b,mako
2006.07.28,white
2006.07.23,bull
2006.07.17,angel
2006.07.13,NA
2006.07.10,bull tiger
2006.07.08.b,bull
2006.06.30,blacktip reef
2006.06.20,spinner
2006.06.15,NA
2006.06.07,NA
2006.06.05,white
2006.05.31,tiger
2006.05.28,tiger
2006.05.24,gray reef
2006.05.19,tiger
2006.05.02,wobbegong
2006.04.13,bull
2006.04.11,bronze whaler
2006.04.09.b,raggedtooth
2006.04.09.a,tiger
2006.03.28.R,NA
2006.03.23,tiger
2006.03.19,tiger
2006.03.15,bronze whaler
2006.02.27,NA
2006.02.12.a,white
2006.02.08,raggedtooth
2006.02.01.b,tiger
2006.02.01.a,NA
2006.01.28.R,NA
2006.01.15,white
2006.01.07,bull
2006.01.04,NA
2006.01.01,NA
2005.12.24,white
2005.12.21,tiger
2005.12.20,NA
2005.12.11,whitetip reef
2005.12.05.R,white
2005.11.27,NA
2005.11.25.c,white
2005.11.25.b,NA
2005.11.21,NA
2005.11.16.R,white
2005.11.15,raggedtooth
2005.11.12,NA
2005.11.02.a,white
2005.10.29,NA
2005.10.25,NA
2005.10.22,NA
2005.10.21,white
2005.10.19,white
2005.10.13,tiger
2005.10.11,caribbean reef
2005.10.01,white
2005.09.27.R,tiger
2005.09.24,white
2005.09.23,bronze whaler
2005.09.22,NA
2005.09.20,NA
2005.09.05,bull
2005.09.04.a,white
2005.09.02.a,NA
2005.08.24.b,white
2005.08.24.a,white
2005.08.22,blacktip
2005.08.21,sandbar
2005.08.12,NA
2005.08.01,bull
2005.07.22,NA
2005.07.17.a,NA
2005.07.15.R,no shark
2005.07.15,NA
2005.07.13,NA
2005.06.27,bull
2005.06.25,bull
2005.06.22,NA
2005.06.16,NA
2005.06.13,white
2005.06.05,white
2005.06.04,white
2005.05.28,NA
2005.05.27,NA
2005.05.25,raggedtooth
2005.05.15,blacktip
2005.05.14,tiger
2005.05.03,NA
2005.05.02,tiger
2005.04.25,mako
2005.04.16.b,copper
2005.04.16.a,bronze whaler
2005.04.13,blacktip
2005.04.09,NA
2005.04.06,hammerhead
2005.03.28,NA
2005.03.19,white
2005.03.12,sand tiger
2005.03.10,tiger
2005.03.09,bronze whaler
2005.02.26,bull
2005.02.22,nurse
2005.02.16,tiger
2005.02.13,caribbean reef
2005.01.20,NA
2005.01.19,NA
2005.01.14,bronze whaler
2005.01.08,white
2004.12.26,no shark
2004.12.16,white
2004.12.11,bull
2004.11.27,raggedtooth
2004.11.26,raggedtooth
2004.11.15,white
2004.11.11.b,white
2004.11.00,NA
2004.10.31,bull
2004.10.30.x,white
2004.10.30.a,white
2004.10.21,bronze whaler
2004.10.10,white
2004.10.09.b,tiger
2004.10.09.a,raggedtooth
2004.10.06,bull tiger
2004.09.25,tiger
2004.09.20,white
2004.09.10,NA
2004.09.04,NA
2004.08.21,tiger
2004.08.20,white
2004.08.15,white
2004.08.06,NA
2004.08.00,white
2004.07.30,white
2004.07.27.b,NA
2004.07.27.a,NA
2004.07.25,bull
2004.07.19.R,white
2004.07.15,longfin mako
2004.07.10,NA
2004.07.02.b,blacktip
2004.06.26.b,white
2004.07.02.a,NA
2004.06.10.b,bronze whaler
2004.06.10.a,NA
2004.06.02,white
2004.05.29,NA
2004.05.28,NA
2004.05.23.b,bull
2004.05.22.c,NA
2004.05.18,caribbean reef
2004.05.04,mako
2004.04.26,wobbegong
2004.04.22,white
2004.04.13.b,NA
2004.04.07,tiger
2004.04.05,white
2004.03.31.a,bull
2004.03.29,bull
2004.03.28,bull
2004.03.27.b,NA
2004.03.24,NA
2004.03.22,bronze whaler
2004.03.16,tiger
2004.03.06,bronze whaler
2004.02.26,sevengill
2004.02.16,NA
2004.02.11,blind brown
2004.01.25,white
2004.01.23,sand tiger
2004.01.22,NA
2004.01.21.b,bull
2004.01.21.a,bull
2004.01.15.R,mako
2004.01.12,raggedtooth
2004.01.07,raggedtooth
2003.12.31,shortfin mako
2003.12.26,NA
2003.11.30.b,wobbegong
2003.11.30.a,wobbegong
2003.11.27,tiger
2003.11.22,NA
2003.11.12.b,tiger
2003.11.06.b,oceanic whitetip
2003.11.06.a,white
2003.11.00,nurse
2003.10.31.c,NA
2003.10.31.b,gray nurse
2003.10.31.a,tiger
2003.10.24,NA
2003.10.14,NA
2003.10.05.a,gray
2003.09.14.c,NA
2003.09.14.b,cow
2003.09.14.a,NA
2003.09.13.b,NA
2003.09.13.a,NA
2003.09.12,white
2003.08.29,bull
2003.08.19,white
2003.08.12,NA
2003.08.08,white
2003.07.09,NA
2003.07.05.b,NA
2003.07.05.a,NA
2003.07.04,bull
2003.07.00.c,hammerhead
2003.07.00.a,gray reef
2003.06.30,NA
2003.06.26,NA
2003.06.24.b,brown
2003.06.24.a,NA
2003.06.22,NA
2003.06.19,sand
2003.06.00,NA
2003.05.14,NA
2003.05.10,reef
2003.05.07,NA
2003.05.00,white
2003.04.23.b,bull
2003.04.21.b,NA
2003.04.21.a,NA
2003.04.20.c,NA
2003.04.20.b,NA
2003.04.20.a,NA
2003.04.19,NA
2003.04.18,NA
2003.04.15,NA
2003.04.11,mako
2003.04.04,NA
2003.03.10,captive
2003.02.27,white
2003.02.15.b,NA
2003.02.15.a,NA
2003.02.11,gray nurse
2003.02.08,bull
2003.01.03,bull
2003.01.02,bronze whaler
2002.12.29,hammerhead
2002.12.24,white
2002.12.21,wobbegong
2002.12.20,NA
2002.12.16,bull
2002.11.28.b,blacktip
2002.11.28.a,white
2002.11.17,gray
2002.11.14,caribbean reef
2002.11.11,NA
2002.11.02,NA
2002.10.30,NA
2002.10.14,bull
2002.10.05.b,spinner
2002.10.05.a,NA
2002.10.03,NA
2002.09.30,NA
2002.09.27.c,blacktip
2002.09.27.b,blacktip
2002.09.27.a,tiger
2002.09.21.b,NA
2002.09.21.a,NA
2002.09.16.b,bull tiger
2002.09.13,white
2002.09.09,NA
2002.09.05,hammerhead
2002.08.28,tiger
2002.08.14,NA
2002.08.11,nurse
2002.08.06.R,sand tiger
2002.08.05,NA
2002.07.26,blacktip sandbar
2002.07.20,bull
2002.07.09.b,mako
2002.07.09.a,bull tiger
2002.07.04,bull
2002.06.11.b,tiger
2002.06.11.a,NA
2002.06.09.b,NA
2002.06.03,copper
2002.05.31.b,white
2002.05.31.a,NA
2002.05.22.b,blacktip
2002.05.21.R,bull
2002.05.13,NA
2002.04.30,white
2002.04.20,NA
2002.04.09,bull
2002.04.02,NA
2002.04.01,NA
2002.03.25.b,tiger
2002.03.25.a,NA
2002.03.19,NA
2002.03.15.b,nurse
2002.03.15.a,spinner
2002.03.03,NA
2002.02.16,whaler
2002.02.07,NA
2002.01.30.b,tiger
2002.01.04,zambesi
2002.01.01.b,NA
2002.01.01.a,tiger
2001.11.23,bronze whaler
2001.10.07,mako
2001.10.02,bronze whaler
2001.09.30.b,tiger
2001.09.30.a,white
2001.09.24,NA
2001.09.16,NA
2001.09.15.b,NA
2001.09.13,sand tiger
2001.09.07.a,NA
2001.09.03.b,white
2001.09.03.a,white
2001.09.02,NA
2001.09.01,bull
2001.08.31,bull
2001.08.22,NA
2001.08.18.c,spinner
2001.08.18.b,spinner
2001.08.18.a,blacktip
2001.08.16,bull
2001.08.12,NA
2001.07.24,nurse
2001.07.21,mako
2001.07.15.a,NA
2001.07.06.a,bull
2001.06.12,NA
2001.06.10,white
2001.06.03,NA
2001.05.23,NA
2001.05.08,white
2001.05.03,NA
2001.04.13.a,spinner
2001.04.12.c,spinner
2001.04.12.b,spinner
2001.04.12.a,spinner
2001.04.11.d,spinner
2001.04.11.a,whitetip reef
2001.04.10,spinner
2001.04.08.b,white
2001.04.08.a,wobbegong
2001.04.05,NA
2001.04.02.a,bronze whaler
2001.03.09,spinner
2001.03.08,NA
2001.03.00,tiger
2001.02.26,white
2001.02.04,bronze whaler
2001.01.24.R,NA
2001.01.24,NA
2001.01.21,white
2001.01.09,blacktip
2001.01.06,white
2000.12.12,NA
2000.12.11,white
2000.12.05,porbeagle
2000.12.03,bronze whaler
2000.11.21,tiger
2000.11.20,NA
2000.11.18,NA
2000.11.10,bull
2000.11.06.b,white
2000.11.06.a,white
2000.11.04,white
2000.10.29,white
2000.10.18,tiger
2000.10.09,NA
2000.10.06.b,blacktip
2000.09.29,white
2000.09.25,white
2000.09.24,white
2000.09.18,blue
2000.09.16.b,white
2000.09.11,NA
2000.09.10.a,white
2000.09.08.c,zambesi
2000.09.08.b,NA
2000.09.08.a,tiger
2000.09.00.b,zambesi
2000.08.31,NA
2000.08.30,bull
2000.08.27.R,salmon
2000.08.15,tiger
2000.08.13,NA
2000.08.12,blacktip
2000.08.11,NA
2000.08.00,zambesi
2000.07.22,nurse
2000.07.16.b,gray
2000.07.12,gray reef
2000.07.07,lemon
2000.07.06,tiger
2000.07.04.a,nurse
2000.07.02.b,NA
2000.07.02.a,spinner
2000.07.00,zambesi
2000.06.29,mako
2000.06.13,bull
2000.06.10,blacktip
2000.06.09.b,bull
2000.06.09.a,bull
2000.06.00,zambesi
2000.05.13,tiger
2000.03.30,NA
2000.03.26,NA
2000.03.24,NA
2000.03.15,tiger
2000.03.14,tiger
2000.03.10,NA
2000.03.03.R,NA
2000.03.00,shortfin mako
2000.02.19,white
2000.02.14,blacktip
2000.02.01,NA
2000.00.00,hammerhead
1999.12.31.c,sevengill
1999.12.31.b,sevengill
1999.12.31.a,sevengill
1999.12.26,bull tiger
1999.12.14,NA
1999.12.06,blacktip
1999.11.23,tiger
1999.11.15,white
1999.11.13,white
1999.11.06,NA
1999.11.00.b,gray reef
1999.11.00.a,gray reef
1999.10.20,lemon
1999.10.01,tiger
1999.09.24,white
1999.09.16,NA
1999.09.05,NA
1999.09.04.b,NA
1999.08.26,NA
1999.08.23,NA
1999.08.16,NA
1999.08.05.a,NA
1999.08.05,caribbean bull
1999.07.29,white
1999.07.26,bull
1999.07.21,tiger
1999.07.15,white
1999.07.04,blacktip
1999.07.03,white
1999.06.19,NA
1999.06.17,NA
1999.06.09,spinner
1999.05.29,white
1999.05.01,tiger
1999.04.22,gray reef
1999.04.11,bull
1999.03.18.R,sevengill
1999.03.14.b,NA
1999.03.14.a,mako
1999.03.05,NA
1999.02.26.R,basking
1999.02.23,tiger
1999.02.03,spinner
1999.01.29,bull
1999.01.13,white
1999.01.03.R,NA
1999.01.03,bull
1999.00.00.b,white
1999.00.00.a,NA
1998.12.20.R,white
1998.11.21,tiger
1998.11.14,NA
1998.11.11,NA
1998.11.05,white
1998.11.02.b,NA
1998.11.02.a,white
1998.09.14,NA
1998.09.00,NA
1998.08.30,NA
1998.08.26,white
1998.08.15,caribbean reef
1998.08.23.R,dusky
1998.08.13,NA
1998.08.12,sand tiger
1998.08.01.b,white
1998.08.01.a,white
1998.07.11,NA
1998.07.06.b,raggedtooth
1998.07.06.a,raggedtooth
1998.06.28.a,white
1998.06.22,white
1998.05.29.b,white
1998.05.29.a,NA
1998.05.25,lemon
1998.05.16.c,NA
1998.05.16.a,white
1998.04.26,NA
1998.04.21,white
1998.04.17,nurse
1998.03.15,white
1998.03.08.a,spinner
1998.02.23,spinner
1998.01.28.R,NA
1998.01.28.a,NA
1998.01.14,dusky
1998.00.00.a,sand tiger
1997.12.28.b,white
1997.12.25.b,NA
1997.11.09,white
1997.11.05,NA
1997.10.28.b,white
1997.10.28.a,tiger
1997.10.24,blacktip
1997.10.21,NA
1997.10.11.R,soupfin
1997.09.08,blacktip
1997.08.24,white
1997.08.14.b,NA
1997.08.14.a,tiger
1997.08.11.a,oceanic whitetip
1997.08.05,NA
1997.08.04,NA
1997.08.02.b,NA
1997.08.02.a,NA
1997.07.21,white
1997.07.14,blacktip
1997.07.12,white
1997.06.24,NA
1997.06.15,tiger
1997.06.09,spinner
1997.06.02,spinner
1997.05.31.c,NA
1997.05.31.b,sand
1997.05.31.a,sand
1997.05.26,caribbean reef
1997.04.20,white
1997.02.28.b,NA
1997.02.28.a,tiger
1997.01.25,NA
1997.01.20,tiger
1997.01.03.a,bull
1997.01.01,white
1996.12.10,white
1996.11.29.a,white
1996.10.05.,white
1996.10.03.b,NA
1996.10.03.a,white
1996.09.06.b,white
1996.09.06.a,NA
1996.09.01.b,NA
1996.09.01.a,white
1996.08.29,tiger
1996.08.13,white
1996.08.11,hammerhead
1996.07.23.b,white
1996.07.23.a,oceanic whitetip
1996.07.21,NA
1996.07.04.b,NA
1996.06.06,white
1996.05.28,white
1996.05.24,white
1996.05.18,NA
1996.05.07,spinner
1996.04.25.b,wobbegong
1996.04.25.a,wobbegong
1996.03.05,tiger
1996.03.00,NA
1996.02.26,bronze whaler
1996.02.19.R,nurse
1996.02.04,reef
1996.01.23,nurse
1996.01.22,bronze whaler
1996.01.16,tiger
1996.01.12,mako
1996.01.10,tiger
1996.00.00.b,tiger
1996.00.00.a,tiger
1995.11.29,white
1995.11.25.b,NA
1995.10.11,NA
1995.10.01,NA
1995.09.30.b,NA
1995.09.28,white
1995.09.19.,NA
1995.09.13,bull
1995.09.11,white
1995.09.03.b,white
1995.09.03.a,NA
1995.08.31.b,NA
1995.08.26/b,NA
1995.08.26.a,NA
1995.08.25,NA
1995.08.22.c,sand
1995.08.22.a,NA
1995.08.21,NA
1995.08.19,NA
1995.08.15,NA
1995.08.13.a,tiger
1995.08.10.a,blacktip
1995.08.07,NA
1995.08.01,gray reef
1985.01.04,white
1995.08.00,white
1995.07.03,blacktip
1995.06.30,white
1995.06.24,white
1995.06.23,sand
1995.06.17.a,NA
1995.06.16,NA
1995.06.14,tiger
1995.06.13,tiger
1995.06.02,NA
1995.05.26,bull
1995.05.24,NA
1995.05.12,NA
1995.04.16,NA
1995.04.09.b,wobbegong
1995.04.09.a,white
1995.03.11,bronze whaler
1995.02.19,raggedtooth
1995.01.24,tiger
1995.00.00.d,leopard
1994.12.30,white
1994.12.09.a,white
1994.11.25.a,raggedtooth
1994.11.13,NA
1994.10.08,sand
1994.09.21,white
1994.09.05,NA
1994.07.09.c,bull
1994.07.09.b,white
1994.07.09.a,white
1994.07.08.a,NA
1994.06.24,NA
1994.05.31.a,spinner
1994.05.28,NA
1994.05.24,NA
1994.05.15,NA
1994.04.16,blue
1994.04.15,bull
1994.04.06,NA
1994.04.02,white
1994.03.23.b,white
1994.03.23.a,white
1994.03.07,lemon
1994.03.01,NA
1994.02.27,NA
1994.02.19,NA
1994.02.12,white
1994.01.31.a,tiger
1994.01.12.R,white
1994.01.09,NA
1994.01.03,NA
1994.00.00.b,tiger
1993.12.00,tiger
1993.11.21,tiger
1993.10.30,white
1993.10.26,bull
1993.10.10,white
1993.10.00,tiger
1993.09.26,white
1993.09.16.b,white
1993.09.14,NA
1993.09.03,NA
1993.08.21,caribbean blacktip
1993.08.15.b,white
1993.08.15.a,bull
1993.08.14,white
1993.08.12,white
1993.08.00.a,white
1993.07.30,white
1993.07.07,NA
1993.06.10,tiger
1993.06.09,white
1993.06.05,white
1993.06.00,NA
1993.03.17,white
1993.03.14,tiger
1993.03.12,white
1993.02.18,NA
1993.02.04,bronze whaler
1993.01.05,NA
1993.01.04,oceanic whitetip
1993.01.02,white
1993.00.00.d,white
1993.00.00.a,lemon
1992.12.28,tiger
1992.12.23,tiger
1992.11.29,mako
1992.11.25.a,blacktip
1992.11.23,NA
1992.11.14,white
1992.11.12.R,hammerhead
1992.11.11,NA
1992.11.05.a,tiger
1992.10.29,white
1992.10.22,tiger
1992.10.15,gray nurse
1992.10.01,white
1992.09.13,white
1992.08.29,blacktip
1992.08.25,white
1992.08.18,white
1992.08.17,nurse
1992.07.23,cookie cutter
1992.07.21,NA
1992.06.28.a,bull
1992.06.17,white
1992.06.00,mako
1992.05.31,NA
1992.05.22,tiger
1992.04.24,white
1992.04.09,NA
1992.03.28,tiger
1992.03.10,bronze whaler
1992.03.08.c,white
1992.03.08.a,white
1992.02.19,tiger
1992.02.14,NA
1992.01.29.b,gray
1992.01.29.a,bronze whaler
1992.01.23,zambesi
1992.01.08,blacktip
1992.01.06,gray reef
1991.12.04,white
1991.11.26.b,tiger
1991.11.26.a,tiger
1991.11.19,tiger
1991.11.14,NA
1991.11.00,NA
1991.10.12,NA
1991.10.05,white
1991.09.19,tiger
1991.09.08,white
1991.08.30,NA
1991.08.26,sand
1991.08.12,NA
1991.08.09,lemon
1991.07.30,white
1991.07.27,reef
1991.07.18,blacktip
1991.07.01.b,tiger
1991.07.01.a,white
1991.07.00,NA
1991.06.07.b,bull lemon
1991.06.07.a,tiger
1991.05.26,NA
1991.05.19,white
1991.04.24,NA
1991.04.16.b,NA
1991.04.16.a,NA
1991.04.03,NA
1991.03.03,gray nurse
1991.02.24,white
1991.02.12,white
1991.01.09,NA
1991.01.00,NA
1990.11.28,NA
1990.11.03,white
1990.11.01,NA
1990.10.30.b,NA
1990.10.20,spinner
1990.10.15,tiger
1990.10.12,NA
1990.09.15,white
1990.09.08,white
1990.09.05,white
1990.08.30,NA
1990.08.28,white
1990.06.24,white
1990.06.23,NA
1990.05.13,NA
1990.05.10,NA
1990.05.06,white
1990.04.14,white
1990.04.09,tiger
1990.04.07,NA
1990.04.06,NA
1990.03.05,bull
1990.02.17,NA
1990.01.12,white
1989.12.03,tiger
1989.11.22,white
1989.11.18,white
1989.11.02,NA
1989.10.22,white
1989.10.14,tiger
1989.10.11,NA
1989.10.08,tiger
1989.10.01,white
1989.09.17,white
1989.09.13,NA
1989.09.10,white
1989.09.09.b,white
1989.09.09.a,sandbar
1989.09.03,blue
1989.08.29,gray nurse
1989.08.22.b,NA
1989.08.22.a,white
1989.08.13,bronze whaler
1989.08.06.R,white
1989.07.27,NA
1989.07.20,white
1989.07.07,NA
1989.06.17,sand tiger
1989.06.06,white
1989.06.05,white
1989.06.03,white
1989.04.23,NA
1989.04.12,white
1989.04.09,white
1989.03.09,white
1989.03.04,tiger
1989.02.19,NA
1989.02.02,white
1989.01.26.b,white
1989.01.26.a,white
1989.01.20.b,hammerhead
1989.01.03,tiger
1989.00.00.b,silvertip
1988.12.15,white
1988.10.23,white
1988.10.22,NA
1988.10.14,NA
1988.10.11,NA
1988.10.10,NA
1988.10.00,NA
1988.09.28,NA
1988.09.13.b,NA
1988.09.13.a,bull
1988.08.22.b,tiger
1988.08.11,white
1988.07.23,NA
1988.07.19,caribbean reef
1988.07.17,caribbean reef
1988.07.04.a,NA
1988.06.19,white
1988.06.16,sand tiger
1988.06.09,sand
1988.06.01,NA
1988.04.24,white
1988.03.16,NA
1988.02.15,raggedtooth
1988.02.14,gray
1988.02.13,zambesi
1988.02.12,mako
1988.02.02,tiger
1988.01.27,NA
1988.01.14,mako
1988.01.06,copper
1988.01.05.R,NA
1988.00.00.c,wobbegong
1987.12.17,blacktip
1987.12.13,tiger
1987.10.26,NA
1987.10.11,white
1987.10.06,NA
1987.09.18,white
1987.09.13,white
1987.08.20,NA
1987.08.15,white
1987.07.21,NA
1987.07.12.b,NA
1987.07.12.a,NA
1987.07.11,NA
1987.07.00,NA
1987.06.13,blacktip
1987.05.25,NA
1987.04.01,NA
1987.03.30.b,bronze whaler
1987.03.30.a,white
1987.02.28,spinner
1987.01.28,white
1987.00.00.b,NA
1987.00.00.a,white
1986.12.31,raggedtooth
1986.12.22,white
1986.12.11,spinner
1986.12.06.a,white
1986.12.04,copper
1986.12.00,tiger
1986.10.17,raggedtooth
1986.10.05,NA
1986.10.03,lemon
1986.10.00,bull
1986.09.22.R,blacktip
1986.08.10,white
1986.08.03,wobbegong
1986.07.26,white
1986.07.09,NA
1986.07.00.a,dusky
1986.05.18,wobbegong
1986.04.00,NA
1986.03.18,white
1986.03.15,NA
1986.03.05,NA
1986.02.18,white
1986.02.07,raggedtooth
1986.02.06,raggedtooth
1986.02.01,bronze whaler
1986.01.12,blacktip
1986.00.00,NA
1985.12.10,sand tiger
1985.11.11,NA
1985.11.05,white
1985.10.24,white
1985.10.22,sevengill
1985.10.18,tiger
1985.10.12,NA
1985.10.05,NA
1985.09.28,white
1985.09.08.a,silky
1985.08.20,NA
1985.08.17,NA
1985.07.25.b,hammerhead
1985.07.21,white
1985.07.19,tiger
1985.07.00,white
1985.05.26,NA
1985.05.08,NA
1985.03.03,white
1985.02.18,white
1985.01.27,raggedtooth
1985.01.17,white
1985.01.16,NA
1985.01.00.b,tiger
1985.01.00.a,dusky
1985.00.00.a,bull
1984.12.03,white
1984.11.30,tiger
1984.11.11,NA
1984.11.04,NA
1984.10.21,NA
1984.10.17,NA
1984.10.14.a,blacktip
1984.09.30.b,white
1984.09.30.a,white
1984.09.22.a,hammerhead
1984.09.17,blue
1984.09.15,white
1984.09.11,white
1984.08.24,tiger
1984.07.24.a,NA
1984.07.00.a,raggedtooth
1984.06.15,white
1984.06.03.b,hammerhead
1984.03.10,NA
1984.02.18,raggedtooth
1984.02.17,dusky
1984.02.11,whitetip reef
1984.01.05,raggedtooth
1984.00.00.b,sevengill
1983.12.24,white
1983.12.21,raggedtooth
1983.12.07,zambesi
1983.11.21,NA
1983.11.10.R,tiger
1983.10.17.a,NA
1983.10.13,NA
1983.08.20.b,white
1983.08.20.a,white
1983.08.15,sand
1983.08.13.b,nurse
1983.08.13.a,bull
1983.07.26,tiger
1983.07.25.b,tiger
1983.07.25.a,tiger
1983.07.15,NA
1983.07.12.b,hammerhead
1983.06.15,blacktip
1983.06.00,caribbean reef
1983.05.31,NA
1983.04.12,raggedtooth
1983.03.30.a,zambesi
1983.03.22,spinner
1983.03.00,NA
1983.02.20,NA
1983.01.08,white
1983.00.00.b,blue
1982.10.13,NA
1982.09.30.a,white
1982.09.27,NA
1982.09.25,white
1982.09.19,white
1982.09.04,tiger
1982.08.29.b,NA
1982.08.00,spinner
1982.07.24.b,white
1982.07.24.a,white
1982.07.19,NA
1982.07.11,NA
1982.06.29,white
1982.06.26.b,NA
1982.06.26.a,lemon
1982.06.13,reef
1982.05.00,tiger
1982.02.28,white
1982.02.27,NA
1982.02.07.a,white
1982.00.00.c,white
1982.01.29,raggedtooth
1982.00.00.b,white
1981.12.19,white
1981.12.13.a,tiger
1981.11.09,NA
1981.10.19.b,white
1981.10.19.a,NA
1981.10.01,NA
1981.09.15,tiger
1981.08.29,NA
1981.08.24.b,NA
1981.08.24.a,NA
1981.08.10.b,nurse
1981.08.07,mako
1981.07.20,sand
1981.07.18,zambesi
1981.07.07,NA
1981.07.01,gray
1981.06.15.R,thresher
1981.05.20,raggedtooth
1981.06.12,NA
1981.05.23,white
1981.05.16,lemon
1981.05.10,raggedtooth
1981.05.05,tiger
1981.03.25,sandbar dusky
1981.03.24,NA
1981.03.04,white
1981.03.00,white
1981.02.19,dusky blacktip
1981.02.16,hammerhead
1981.02.02,hammerhead
1981.01.30,tiger
1981.01.01,tiger
1981.00.00.b,tiger
1980.12.30,NA
1980.11.24,white
1980.10.27,white
1980.10.17,white
1980.08.04,tiger
1980.07.26,blue
1980.07.23,NA
1980.06.26,blue
1980.05.15,NA
1980.04.00,tiger
1980.03.29,tiger
1980.03.28,NA
1980.03.11,hammerhead
1980.01.31,white
1980.01.25,NA
1980.01.15,zambesi
1980.01.13,hammerhead
1980.01.10,raggedtooth
1980.01.05,white
1980.00.00.d,NA
1980.00.00.c,white
1980.00.00.b,NA
1979.12.01,NA
1979.11.27,white
1979.11.12,white
1979.10.22,raggedtooth
1979.09.14,NA
1979.05.05,white
1979.05.00.b,NA
1979.03.24,spinner
1979.03.11,white
1979.02.21,NA
1978.12.12,white
1978.11.26,NA
1978.10.21,tiger
1978.09.27,white
1978.09.16,white
1978.09.02.R,NA
1978.08.05,NA
1978.06.07,white
1978.04.00,sevengill
1978.02.28,NA
1978.02.19,white
1978.01.17,blacktip
1978.01.06,tiger
1977.12.19.a,tiger
1977.12.00,white
1977.11.12,NA
1977.10.30,white
1977.08.31,white
1977.08.19,white
1977.08.14,white
1977.08.05,NA
1977.06.26,bull
1977.06.06,bull
1977.05.26,mako
1977.04.21,NA
1977.02.26,NA
1976.12.18,white
1976.11.27,white
1976.11.25,lemon
1976.11.06,white
1976.10.27,white
1976.10.18,white
1976.10.06,white
1976.09.19,NA
1976.09.06,tiger
1976.08.24,white
1976.07.12,NA
1976.06.23,NA
1976.06.10,NA
1976.06.02.R,blue
1976.06.01,NA
1976.05.02,mako
1976.04.28,NA
1976.03.12.a,whale
1976.03.09,white
1976.03.02,white
1976.02.03,white
1976.01.13,NA
1976.01.11,white
1976.01.08,NA
1976.01.02,bronze whaler
1975.12.29,NA
1975.12.06,white
1975.12.02,gray nurse
1975.11.19.b,NA
1975.11.19.a,dusky
1975.11.02,NA
1975.10.21,NA
1975.10.12,NA
1975.09.00,NA
1975.08.17,white
1975.08.12,NA
1975.08.09,white
1975.07.30.a,white
1975.07.26.a,NA
1975.07.23,white
1975.07.19,white
1975.07.15,NA
1975.07.05,whaler
1975.06.23.b,NA
1975.04.25,NA
1975.04.05,white
1975.03.29,white
1975.03.16,NA
1975.03.13,bronze whaler
1975.03.09,NA
1975.02.23,NA
1975.02.14.R,mako
1975.02.10,white
1975.02.09,carpet
1975.02.01,copper
1975.00.00.b,blue
1974.09.28,white
1974.09.14,white
1974.09.07,shortfin mako
1974.09.02.b,white
1974.09.02.a,white
1974.09.00,white
1974.08.10,white
1974.08.05,white
1974.07.26,white
1974.07.20,NA
1974.07.02,NA
1974.05.26,white
1974.04.20,raggedtooth
1974.04.04,dusky
1974.03.21,NA
1974.03.00,white
1974.02.00.b,white
1974.02.00.a,white
1974.01.13,raggedtooth
1974.01.09,white
1974.01.07.c,NA
1974.00.00.b,bronze whaler
1973.09.14,bull
1973.09.09,white
1973.09.00,tiger
1973.08.25,NA
1973.08.16,blacktip
1973.03.00,dusky blacktip
1973.01.21,NA
1973.01.09,NA
1973.00.00.c,tiger
1973.00.00.b,gray reef
1972.12.26,NA
1972.12.24,white
1972.10.21,bronze whaler
1972.10.14.b,oceanic whitetip
1972.09.09,white
1972.08.17,NA
1972.08.08,white
1972.07.05,NA
1972.06.10,NA
1972.05.28,white
1972.05.06,gray reef
1972.04.16,tiger
1972.02.20,NA
1972.01.01.b,zambesi
1972.01.01.a,white
1972.00.00.b,white
1972.00.00.a,gray reef
1971.12.16,white
1971.10.23,NA
1971.10.14,NA
1971.10.02,white
1971.09.07,white
1971.08.21,gray nurse
1971.07.19,white
1971.06.30,white
1971.06.01,porbeagle
1971.04.16R,NA
1971.04.11,white
1971.03.30,white
1971.00.00.c,white
1970.12.07,NA
1970.09.28,NA
1970.09.13,NA
1970.09.00.c,catshark
1970.07.05,mako
1970.06.22,NA
1970.06.15,raggedtooth
1970.04.00.b,wobbegong
1970.04.00.a,wobbegong
1970.03.31,NA
1970.02.05,carpet
1970.01.23.c,zambesi
1970.01.23.b,zambesi
1970.01.23.a,zambesi
1970.01.09.R,blue
1970.00.00.g,blue
1970.00.00.f,white
1970.00.00.e,white
1969.11.11,NA
1969.10.14,oceanic whitetip
1969.09.06,white
1969.08.01,NA
1969.07.22,nurse
1969.07.20,white
1969.05.25,NA
1969.05.24,nurse
1969.04.22,NA
1969.04.19,lemon
1969.03.25,mako
1969.03.09,white
1969.02.17.R,sevengill
1969.02.00,NA
1969.01.00,carpet
1969.00.00,NA
1968.12.26,gray nurse
1968.12.25,white
1968.12.09,white
1968.12.02,hammerhead
1968.11.06,blacktip
1968.10.13,bull
1968.09.22,NA
1968.09.15,white
1968.08.24,hammerhead
1968.08.08,NA
1968.07.27,white
1968.07.16,NA
1968.07.00,NA
1968.06.25,caribbean reef
1968.06.00,blue
1968.05.18,NA
1968.04.29,NA
1968.04.20,silky
1968.04.15,bronze whaler
1968.04.07,NA
1968.03.25,NA
1968.02.26,bull
1968.02.18,NA
1968.02.04,bronze whaler
1968.00.00.b,nurse
1967.12.30,NA
1967.12.21.R,mako
1967.11.30.b,gray nurse
1967.11.30.a,gray nurse
1967.10.17,blacktip
1967.09.13,NA
1967.09.01,NA
1967.08.27,blue
1967.08.19,white
1967.08.07,nurse
1967.08.00.b,sandbar
1967.08.00.a,NA
1967.06.13,nurse
1967.06.00,white
1967.05.13,bronze whaler
1967.05.09,gray nurse
1967.03.19,white
1967.03.12,gray nurse
1967.03.09,white
1967.03.01,NA
1967.01.27,white
1967.01.22,sand tiger
1967.01.06,sand
1966.12.31,NA
1966.12.27.b,gray nurse
1966.12.27.a,gray nurse
1966.11.00,NA
1966.10.30,NA
1966.10.29,NA
1966.09.27,bronze whaler
1966.09.10,mako
1966.09.08.b,nurse
1966.08.21.b,NA
1966.08.21.a,NA
1966.08.16,white
1966.08.14,NA
1966.08.13,NA
1966.08.00.a,spinner
1966.07.31,sand lemon
1966.07.19,NA
1966.06.22,NA
1966.06.11,hammerhead
1966.06.04,NA
1966.05.20.b,NA
1966.05.20.a,white
1966.03.20,white
1966.02.27,white
1966.01.29,copper
1966.01.22,white
1966.01.15,wobbegong
1966.01.14,NA
1966.01.11,zambesi
1966.01.10,carpet
1966.01.09,NA
1966.01.05,hammerhead
1966.00.00,NA
1965.12.28,carpet
1965.12.19,gray reef
1965.12.10,NA
1965.11.21.b,NA
1965.11.03.b,NA
1965.11.03.a,gray nurse
1965.10.16.b,NA
1965.10.16.a,NA
1965.10.10,NA
1965.09.21,NA
1965.09.12,NA
1965.09.08,NA
1965.08.30,NA
1965.07.30,lemon
1965.04.29,bull
1965.04.10,white
1965.04.04.b,tiger
1965.04.04.a,spinner
1965.03.14,mako
1965.02.14,NA
1965.02.04,NA
1965.01.23,white
1965.01.10,NA
1965.01.09,NA
1965.00.00.e,nurse
1965.00.00.d,NA
1965.00.00.c,mako
1964.12.25,raggedtooth
1964.12.10.a,NA
1964.12.09,NA
1964.11.29,white
1964.11.13,white
1964.11.05,mako
1964.10.04,gray nurse
1964.09.07,NA
1964.08.23,NA
1964.08.21,NA
1964.08.08,hammerhead
1964.08.00,NA
1964.07.27,nurse
1964.07.16,zambesi
1964.07.08.a,white
1964.06.24,NA
1964.06.17,NA
1964.05.30,lemon
1964.05.08,tiger
1964.05.00,NA
1964.03.28.b,NA
1964.03.05,NA
1964.03.00,NA
1964.02.17.R,tiger
1964.02.10,white
1964.02.08,white
1964.02.05.b,sand
1964.02.05.a,white
1964.02.01,NA
1964.02.00.b,hammerhead
1964.01.21,white
1964.01.18,NA
1964.01.11,white
1964.01.06.R,tiger
1964.01.01.a,NA
1964.01.00,white
1963.12.29,zambesi
1963.12.26.b,NA
1963.12.26.a,NA
1963.12.22.b,NA
1963.12.22.a,dusky
1963.12.21,wobbegong
1963.12.20.b,white
1963.12.20.a,zambesi
1963.12.08,white
1963.12.04.R,tiger
1963.11.30.b,broadnose sevengill
1963.11.30.a,tiger
1963.11.28,tiger
1963.11.14,white
1963.11.12,silky
1963.11.05.R,NA
1963.11.04,NA
1963.10.16,NA
1963.09.29,white
1963.09.26,dusky
1963.09.22,NA
1963.09.13,NA
1963.09.10,nurse
1963.08.00,NA
1963.07.28,tiger
1963.07.11,NA
1963.06.01.b,white
1963.06.01.a,NA
1963.05.18,NA
1963.04.22,gray nurse
1963.04.20,galapagos
1963.04.13,NA
1963.04.12,NA
1963.02.24,bronze whaler
1963.02.08,white
1963.01.28,bull
1963.01.22,NA
1963.01.14,gray nurse
1963.01.12,NA
1963.01.11,NA
1963.01.06,zambesi
1963.01.04,white
1963.01.00,zambesi
1962.12.30,dusky
1962.12.09,white
1962.12.00,NA
1962.11.29,NA
1962.11.11,white
1962.11.10,NA
1962.10.25,NA
1962.10.14,gray nurse
1962.10.06,blue
1962.09.30,blacktip
1962.09.02,white
1962.08.31.R,NA
1962.08.30.a,brown
1962.08.29,horn
1962.08.23,NA
1962.08.19,NA
1962.08.12,NA
1962.08.00.b,white
1962.08.00.a,NA
1962.07.28,NA
1962.07.20,NA
1962.07.19,blue
1962.07.03.R,NA
1962.06.25,NA
1962.06.21,NA
1962.06.17,NA
1962.06.10.b,bronze whaler
1962.06.04,sevengill
1962.04.20,bronze whaler
1962.04.07,zambesi
1962.04.05,NA
1962.03.25.b,NA
1962.03.25.a,bronze whaler
1962.03.24,bronze whaler
1962.02.23,NA
1962.02.18,NA
1962.02.15,NA
1962.02.05,white
1962.02.04,NA
1962.01.27,NA
1962.01.21,bronze whaler
1962.01.18,zambesi
1962.01.16,red
1962.01.14.c,white
1962.01.14.b,gray nurse
1962.01.14.a,NA
1962.01.11.c,gray nurse
1962.01.11.b,white
1962.01.11.a,NA
1962.01.10,white
1962.01.08,NA
1962.01.02,NA
1962.01.01,NA
1962.00.00.c,NA
1961.12.28.c,NA
1961.12.28.b,NA
1961.12.28.a,zambesi
1961.12.27,gray nurse
1961.12.19,NA
1961.12.18.a,NA
1961.12.13,NA
1961.10.00.b,NA
1961.09.24.b,white
1961.09.23,NA
1961.09.07,NA
1961.09.02.R,NA
1961.08.20,white
1961.08.16,white
1961.08.04,blacktip
1961.08.02,NA
1961.07.29,NA
1961.07.07.b,white
1961.07.00.b,white
1961.06.06.R,hammerhead
1961.06.01,NA
1961.05.21,white
1961.05.15,hammerhead
1961.04.30,NA
1961.04.25,wobbegong
1961.04.21,zambesi
1961.04.17,captive
1961.04.16.b,tiger
1961.04.16.a,wobbegong
1961.04.14,gummy
1961.04.09,zambesi
1961.04.03,gray nurse
1961.04.00,wobbegong
1961.03.30,bronze whaler
1961.03.18,NA
1961.03.12,white
1961.03.09,gray reef
1961.03.07,zambesi
1961.02.17.a,banjo
1961.02.12,NA
1961.02.01.b,NA
1961.02.01.a,gray nurse
1961.02.00,NA
1961.01.25,NA
1961.01.22,white
1961.01.06.c,white
1961.01.15,wobbegong
1961.01.06.a,hammerhead
1961.01.05,zambesi
1961.01.03.a,raggedtooth
1961.01.01,NA
1961.00.00.b,NA
1960.12.27.a.,NA
1960.12.24,white
1960.12.20,gray nurse
1960.12.01,bull
1960.11.27,NA
1960.11.06,wobbegong
1960.11.00.d,white
1960.11.00.c,blacktip
1960.10.24,white
1960.10.02,NA
1960.10.00.b,white
1960.09.24,NA
1960.09.18,NA
1960.09.02,gray reef
1960.09.01,gray reef
1960.08.25,hammerhead
1960.08.14,NA
1960.08.10,lemon
1960.08.04.b,hooked
1960.08.04.a,NA
1960.07.03,sand
1960.06.29,NA
1960.06.27.b,white
1960.06.27.a,NA
1960.06.24,mako
1960.05.24,dusky
1960.05.19,white
1960.05.16,lemon
1960.04.30,white
1960.04.24,white
1960.04.22,bronze whaler
1960.04.20.R,raggedtooth
1960.04.14,NA
1960.04.12,white
1960.04.10,sand tiger
1960.04.03.b,NA
1960.04.03.a,bronze whaler
1960.04.01,white
1960.04.00.a,white
1960.03.31,NA
1960.03.28,NA
1960.02.29,NA
1960.02.27.b,bronze whaler
1960.02.27.a,no shark
1960.02.19,tiger
1960.02.10.,tiger
1960.02.07,gray nurse
1960.01.30,NA
1960.01.21,NA
1960.01.16,bull
1960.01.13,wobbegong
1960.01.07,NA
1960.00.00.j,NA
1960.00.00.g,blacktail reef
1960.00.00.f,blacktip reef
1960.00.00.a,NA
1959.12.29,tiger
1959.12.28,NA
1959.12.11,NA
1959.12.03,mako
1959.11.29,NA
1959.11.28,NA
1959.11.22,NA
1959.11.16,NA
1959.11.15,thresher
1959.11.12.R,NA
1959.11.10,blue
1959.11.09,carpet
1959.10.04,white
1959.10.02,NA
1959.10.00,tiger
1959.09.26.b,hammerhead
1959.09.26.a,white
1959.09.11,white
1959.09.10.R,NA
1959.09.02,sand
1959.08.31.R,white
1959.08.30,sand tiger
1959.08.25,NA
1959.08.15.b,NA
1959.08.15.a,NA
1959.08.14.b,NA
1959.08.13,hammerhead
1959.08.12,NA
1959.08.11,blue
1959.08.05,NA
1959.07.30,white
1959.07.28,hammerhead
1959.07.25.b,blue
1959.07.25.a,hammerhead
1959.07.23.b,hammerhead
1959.07.23.a,blue
1959.07.02,nurse
1959.07.00.b,oceanic whitetip
1959.06.14.a,white
1959.05.30,white
1959.05.16,NA
1959.05.07,white
1959.05.03,tiger
1959.04.11,tiger
1959.03.00,tiger
1959.02.28,mako
1959.02.06,NA
1959.02.01,NA
1959.01.31,gray nurse
1959.01.27,NA
1959.01.17.b,NA
1959.01.17.a,NA
1959.01.15,white
1959.01.12,NA
1959.01.00,NA
1959.00.00.g,white
1959.00.00.f,NA
1959.00.00.e,tiger
1958.12.28,white
1958.12.13,tiger
1958.12.12,tiger
1958.11.23,NA
1958.11.14,NA
1958.11.05,white
1958.09.13,blue
1958.09.06,NA
1958.08.31,hammerhead
1958.08.01,NA
1958.07.27.b,tiger
1958.07.27.a,tiger
1958.07.04.b,NA
1958.07.04.a,NA
1958.07.02,nurse
1958.07.00.b,tiger
1958.06.26,nurse
1958.06.24,tiger
1958.06.17,nurse
1958.06.15,NA
1958.04.30,nurse
1958.04.19,mako
1958.04.05,NA
1958.04.03,NA
1958.02.01,nurse
1958.01.19,NA
1958.01.09.R,NA
1958.01.09,white
1958.00.00.j,NA
1958.00.00.h,NA
1958.00.00.d,NA
1958.00.00.b,white
1957.12.30,NA
1957.12.23,NA
1957.09.02,carcharhinid
1957.08.00,bull
1957.07.24,white
1957.07.15,white
1957.07.09,NA
1957.05.11,NA
1957.04.28,white
1957.04.23,wobbegong
1957.04.22,NA
1957.04.13,NA
1957.02.05,NA
1957.02.00,mako
1957.00.00.j,NA
1957.00.00.i,NA
1957.00.00.h,NA
1957.00.00.f,bull
1957.00.00.d,bull
1957.00.00.c,bull
1956.12.26,tiger
1956.12.09,mako
1956.10.27,white
1956.10.20,NA
1956.10.07,lemon
1956.09.23,sand
1956.09.13,blue
1956.09.00.b,tiger
1956.09.00.a,white
1956.08.25,NA
1956.08.15.b,wobbegong
1956.08.15.a,white
1956.08.00.c,white
1956.08.00.a,NA
1956.07.26,NA
1956.07.20,white
1956.06.28,NA
1956.05.26.R,white
1956.03.25,white
1956.03.04,NA
1956.02.26,NA
1956.01.05,NA
1956.00.00.f,white
1956.00.00.e,sand
1955.11.16,wobbegong
1955.10.16,NA
1955.09.23.b,white
1955.09.23.a,white
1955.08.30.a,thresher
1955.08.26,white
1955.08.08,blue
1955.08.04.R,NA
1955.08.00.a,NA
1955.07.25,blue
1955.07.23,sand
1955.07.15,white
1955.07.07,NA
1955.05.08,NA
1955.04.13.R,NA
1955.04.12,NA
1955.03.00.b,brown
1955.02.10,leopard
1955.02.05,white
1955.02.06,white
1955.02.00,NA
1955.01.17,bronze whaler
1955.00.00.d,NA
1955.00.00.c,bull
1955.00.00.b,NA
1954.11.20,blacktip reef
1954.10.07.R,NA
1954.10.02.b,white
1954.10.02.a,white
1954.09.21,NA
1954.09.04,NA
1954.08.12.b,nurse
1954.08.12.a,nurse
1954.07.27,NA
1954.07.04.R,nurse
1954.07.03,dusky
1954.06.27,NA
1954.01.22.a,white
1954.01.15,NA
1954.00.00.e,bull
1954.00.00.d,nurse
1954.00.00.b,NA
1954.00.00 g,bull
1954.00.00 f,bull
1953.12.30,NA
1953.12.00,NA
1953.09.03.R,sand
1953.09.02,hammerhead
1953.08.00,NA
1953.07.26,NA
1953.07.09,white
1953.06.00,NA
1953.04.00.b,bull
1953.04.00.a,bull
1953.03.19.R,NA
1953.03.00.a,tiger
1953.02.15,wobbegong
1953.02.00,wobbegong
1952.12.21,NA
1953.01.08,NA
1953.00.00.c,wobbegong
1952.12.07,white
1952.12.03,NA
1952.08.06,zambesi
1952.08.05,NA
1952.08.04,NA
1952.07.27.d,hammerhead
1952.07.27.c,NA
1952.07.27.b,NA
1952.07.05,tiger
1952.05.27,white
1952.05.07.R,carpet
1952.05.00,brown
1952.04.06,white
1952.04.00,brown
1952.03.30,bull
1952.01.07,NA
1952.00.00.c,NA
1951.12.16,wobbegong
1951.12.06,NA
1951.11.29,white
1951.11.28.a,white
1951.08.17.b,white
1951.08.17.a,white
1951.07.11,NA
1951.03.26,wobbegong
1951.03.24,NA
1951.02.19,NA
1951.02.01,NA
1950.12.31,nurse
1950.12.19.R,wobbegong
1950.11.29,NA
1950.11.25,white
1950.11.12,NA
1950.10.08,white
1950.10.04,NA
1950.08.06,NA
1950.07.27.R,white
1950.07.10,hammerhead
1950.07.00,NA
1950.06.25,sand
1950.05.01,white
1950.04.09.a,NA
1950.03.26,NA
1950.03.01,tiger
1950.02.18.R,carpet
1950.02.11,white
1950.00.00.m,white
1950.00.00.l,lemon
1950.00.00.k,whitetip reef
1950.00.00.i,tiger
1950.00.00.g,white
1950.00.00.f,NA
1949.12.00.b,NA
1949.12.00.a,gray nurse
1949.11.20,NA
1949.08.17,NA
1949.07.16,mako
1949.05.16,whaler
1949.04.18,NA
1949.04.17,NA
1949.01.23,white
1949.01.05,tiger
1949.00.00.g,white
1948.12.27,tiger
1948.09.22,NA
1948.08.00,lemon
1948.03.11,tiger
1948.03.00,gray
1948.02.12,NA
1948.01.25,NA
1948.00.00.d,nurse
1947.12.21,gray nurse
1947.12.15.R,tiger
1947.12.00,tiger
1947.11.23,NA
1947.08.04,NA
1947.07.27.R,NA
1947.07.24.R,NA
1947.06.16,tiger
1947.04.20,NA
1947.03.09,blacktip
1947.02.06.R,NA
1947.01.14,NA
1947.01.05,NA
1946.12.24.R,NA
1946.08.18,NA
1946.07.18.a,NA
1946.04.00,NA
1946.02.10.b,white
1946.01.17,NA
1946.01.07,NA
1945.03.06,zambesi
1945.00.00.a,bull
1944.12.18,NA
1944.12.02,tiger
1944.07.22,white
1944.05.31,blacktip
1944.05.24.R,NA
1944.05.04,white
1944.04.00,bull
1944.02.27,NA
1944.01.16,NA
1943.10.26,NA
1943.09.23,white
1943.06.16,white
1943.05.01.R,blue
1943.04.05,NA
1943.00.00.c,NA
1943.00.00.b,NA
1942.12.26,bull
1942.11.28,oceanic whitetip
1942.11.01,white
1942.09.12.a,tiger
1942.09.11,tiger
1942.07.06,porbeagle
1942.06.08.R,NA
1942.01.04,bull
1942.01.00,NA
1942.00.00.g,NA
1942.00.00.f,NA
1942.00.00.c,leopard
1941.12.07,oceanic whitetip
1941.11.27.b,tiger
1941.11.27.a,tiger
1941.07.22,mako
1941.07.01,NA
1941.06.15,NA
1941.03.09,mako
1940.09.00,NA
1940.06.30,NA
1940.03.31,white
1940.03.20,wobbegong
1940.02.22,white
1940.01.29,NA
1940.01.23,NA
1940.01.07,NA
1940.00.00.f,white
1939.12.28,NA
1939.12.14,NA
1939.11.23,NA
1939.11.11,whaler
1939.10.25.R,tiger
1939.10.04,NA
1939.09.27.R,tiger
1939.07.16,nurse
1939.07.14,NA
1939.03.24,NA
1939.02.26,NA
1939.01.12,NA
1939.00.00.d,tiger
1939.00.00.b,tiger
1938.10.05,tiger
1938.06.17,bull
1938.06.08,NA
1938.05.15,bull
1938.01.21,tiger
1938.01.14,NA
1938.00.00.d,gray
1937.11.11,NA
1937.10.27.b,tiger
1937.10.27.a,tiger
1937.10.24.c,NA
1937.10.24.a,NA
1937.09.12,basking
1937.09.11,basking
1937.09.01,basking
1937.08.31,tiger
1937.06.15.b,whaler
1937.05.30,NA
1937.05.15,NA
1937.02.13,white
1937.02.03,bluenose
1937.02.02,NA
1937.01.27,gray nurse
1936.12.30,NA
1936.12.19,NA
1936.12.01,white
1936.11.27,NA
1936.08.24,tiger
1936.08.11,shovelnose
1936.07.25,white
1936.07.12,blue
1936.06.26,tiger
1936.04.22,tiger
1936.03.30,NA
1936.02.20..R,NA
1936.02.04,white
1936.01.22,white
1936.01.05,NA
1936.01.00,NA
1935.12.23,NA
1935.08.26,NA
1935.08.24,porbeagle
1935.06.18,NA
1935.05.19,white
1935.05.12,NA
1935.04.25,tiger
1935.03.20,tiger
1935.03.13,bluenose
1935.03.09,white
1935.03.02,white
1935.01.24.b,tiger
1935.01.24.a,NA
1935.01.17,NA
1934.12.31.b,tiger
1934.09.08,NA
1934.08.27,white
1934.08.26.R,white
1934.08.21,white
1934.07.11,NA
1934.06.21,bluenose
1934.04.01.a,NA
1934.03.12,NA
1934.03.00,mako
1934.02.24,tiger
1934.01.07,NA
1933.11.20,tiger
1933.11.18,tiger
1933.09.27.R,NA
1933.08.28.b,blue
1933.07.07.R,tiger
1933.06.21,lemon
1933.05.23,NA
1933.04.10,bull
1933.02.26,NA
1933.02.15.R,NA
1933.02.12,blue
1932.10.31,gray nurse
1932.08.10,NA
1932.07.14.R,NA
1932.07.02,white
1932.06.28,catshark
1932.01.27,NA
1932.01.11,gray nurse
1932.00.00,raggedtooth
1931.11.26,NA
1931.09.21.a,hammerhead
1931.09.02,NA
1931.08.30,NA
1931.07.28.R,NA
1931.06.13,tiger
1931.06.04.R,NA
1931.05.02,NA
1931.03.06,cocktail
1931.01.07,NA
1930.12.02,NA
1930.07.11,tiger
1930.04.08,bluefin
1930.02.15,white
1930.01.16,white
1929.12.26,tiger
1929.12.16,NA
1929.07.17.R,NA
1929.06.23,NA
1929.04.11,gray nurse
1929.03.04.b,catshark
1929.03.04.a,catshark
1929.02.09,NA
1929.01.12,NA
1929.00.00.d,catshark
1929.00.00.c,NA
1928.11.18,bluenose
1928.11.04,carcharhinid
1928.08.24.R,NA
1928.07.00,white
1928.05.17,NA
1928.04.14.R,tiger
1928.04.06,NA
1928.01.21.b,NA
1928.01.21.a,NA
1928.01.00,NA
1927.12.28,white
1927.03.01,gray nurse
1927.02.00,mako
1927.01.20,raggedtooth
1927.01.03,NA
1926.10.23.b,gray nurse
1926.07.23,white
1926.07.12,whiptail
1926.07.08,white
1926.07.03,NA
1926.05.18,white
1926.04.07,NA
1926.03.17,white
1926.01.26,blue
1925.11.22,tiger
1925.03.27,NA
1925.01.08,NA
1924.11.25,NA
1924.10.18,NA
1924.07.31,mako
1924.07.14,NA
1924.03.00,NA
1924.01.19,NA
1923.11.02,NA
1923.10.17,NA
1923.01.27.b,NA
1923.01.13,dusky
1922.12.05,blue
1922.09.21.R,NA
1922.06.17,NA
1922.05.24,NA
1922.05.06,white
1922.03.13,NA
1922.03.02,white
1922.02.04,white
1922.01.13,gray nurse
1921.09.00,blue
1921.08.22,NA
1920.11.22,catshark
1920.11.29,NA
1920.06.27,NA
1919.04.06,NA
1919.01.17,NA
1919.01.09,NA
1900.00.00.R,NA
1918.11.00.a,tiger
1918.03.22,NA
1917.09.09,NA
1916.07.12.c,NA
1916.07.12.b,NA
1916.07.06,white
1916.07.01,white
1915.03.29,NA
1915.00.00,white
1914.09.26.R,NA
1914.07.15.R,NA
1914.07.07,NA
1914.05.14,NA
1914.02.09.R,tiger
1913.12.30.R,NA
1913.09.21,hammerhead
1913.09.03,NA
1913.01.00,tiger
1912.07.23,NA
1912.01.26,whaler
1912.01.06,NA
1912.00.00,white
1911.05.01.R,NA
1910.11.28,angel
1910.11.24,blue
1910.03.08,NA
1910.02.16,NA
1910.00.00.a,NA
1909.12.05,NA
1909.09.04.R,NA
1909.06.26.b.R,NA
1908.09.21,NA
1908.07.08.R,white
1908.06.02.R,NA
1907.12.21,bull
1907.10.16.R,NA
1907.07.00,NA
1907.03.07,white
1906.09.00,shortfin mako
1906.08.04,NA
1906.07.05.R,NA
1906.04.16,NA
1906.01.20,NA
1905.12.31,NA
1905.12.29,NA
1905.03.26,NA
1905.00.00,NA
1903.09.16.R,NA
1903.01.10,bull
1901.09.23.R,NA
1901.07.30,white
1899.08.23.R,basking
1899.08.15,NA
1899.06.07,NA
1899.06.02,NA
1899.05.28,NA
1899.00.00.a,NA
1898.00.00.f,white
1897.10.15,NA
1897.10.05.R,NA
1897.09.17,NA
1896.12.23,NA
1895.09.00,NA
1894.12.11,NA
1894.11.28,NA
1894.08.21,shovelnose
1894.07.15.R,NA
1894.06.15.a.R,NA
1892.04.21.R,NA
1892.03.02,NA
1890.08.17.R,NA
1890.00.00.e,sevengill
1889.07.19,NA
1888.10.23.R,NA
1888.02.17,NA
1887.12.04,NA
1887.03.12,NA
1887.02.08,NA
1886.08.00.c,NA
1886.08.00.a,NA
1885.11.26.R,NA
1885.03.28,NA
1884.12.13,NA
1884.12.08.R,NA
1884.08.18,NA
1884.01.14,NA
1883.07.05,NA
1883.00.00.d,NA
1883.00.00.a,NA
1882.12.03,NA
1881.00.00.a,white
1880.11.25,bull
1880.07.25,NA
1880.01.22,NA
1879.12.24,NA
1879.09.22,NA
1879.00.00,tiger
1878.11.17,NA
1878.10.24.R,NA
1878.08.09,NA
1877.09.15,NA
1877.04.07,sevengill
1877.01.24.R,NA
1876.00.00.c,blue porbeagle
1874.11.21,NA
1874.07.15,NA
1874.04.20.R,white
1873.01.09.R,hammerhead
1871.00.00.a,NA
1869.04.15.R,tiger
1868.09.01,white
1868.05.13,NA
1868.00.00.a,NA
1864.09.18.R,NA
1864.09.00,NA
1863.04.00,NA
1863.02.05,NA
1862.07.14,NA
1862.07.13,NA
1860.04.00.a,ground
1860.03.11,NA
1854.04.08.R,NA
1853.09.28,white
1853.07.13.R,tiger
1853.00.00.c,white
1852.02.26,white
1852.01.22,NA
1851.00.00,NA
1840.00.00.a,NA
1839.04.14,NA
1837.00.00.a,NA
1834.07.15.R,hammerhead
1812.07.00,mako
1785.09.26.R,tiger
1776.00.00.b,white
1767.00.00,NA
1758.00.00,NA
1721.06.00,white
1700.00.00.b,white
1554.00.00,white
ND-0136,galapagos
ND-0133,basking
ND-0123,blacktip
ND.0110,hammerhead
ND-0107,whale
ND.0104,tiger
ND.0102,tiger
ND.0100,NA
ND.0091,silvertip
ND.0089,hammerhead
ND.0088,bull
ND.0087,nurse
ND.0086,tiger
ND.0083,NA
ND.0075,NA
ND.0069,NA
ND.0068,NA
ND.0066,tiger
ND.0064,bull
ND.0063,bull
ND.0062,white
ND.0060,white
ND.0055,nurse
ND.0052,bull
ND.0044,NA
ND.0038,bull
ND.0037,blacktip
ND.0036,NA
ND.0028,white
ND.0026,tiger
ND.0009,NA
ND.0008,NA
ND.0007,NA
ND.0006,gray nurse
